Policy ID,Client,Account Owner,Product Line,Country,Region,Distribution,Retail Broker,Business Type,Inception Date,Expiry Date,Status,Currency,FX Rate (per GBP),Premium (Local),GWP (GBP),Brokerage %,Revenue (GBP)
BTD-2024-00266,Crayford Dynamics,Sofia Almeida,Political Violence,Japan,Asia Pacific,Retail,,Renewal,2024-10-13,2025-10-13,Renewed,USD,1.27,43440,34204.72,0.2146,7340.33
BTD-2024-00223,Garrowby Petroleum,Priya Nandakumar,Fixated Threat,Canada,North America,Wholesale,Norbury Risk Solutions,Renewal,2024-08-19,2025-08-19,Expired,CAD,1.72,3180,1848.84,0.1291,238.68
BTD-2024-00055,Harrowgate Resources Group,Marcus Ridley,Professional Indemnity,United States,North America,Wholesale,Calderstone Risk Partners,New Business,2024-01-01,2025-01-01,Renewed,USD,1.27,17300,13622.05,0.0764,1040.72
BTD-2024-00186,Meridian Vale Energy,Eleanor Voss,Kidnap and Ransom,Colombia,Latin America,Wholesale,Ainsworth & Pike,New Business,2024-07-16,2025-07-16,Renewed,USD,1.27,41230,32464.57,0.1379,4476.86
BTD-2025-00544,Hartsmere Aviation,Callum Reid,Personal Accident,Greece,Europe,Wholesale,Ainsworth & Pike,New Business,2025-07-13,2026-07-13,Live,EUR,1.17,4450,3803.42,0.1069,406.59
BTD-2024-00258,Tregarthen Copper,Tom Beckwith,Active Assailant,United States,North America,Wholesale,Jardine Wray Partners,New Business,2024-09-23,2025-09-23,Expired,USD,1.27,4550,3582.68,0.1158,414.87
BTD-2025-00512,Ormsgill Cement,Sofia Almeida,Professional Indemnity,United Kingdom,UK & Ireland,Retail,,Renewal,23/06/2025,2027-06-23,Live,GBP,1.0,12520,12520.0,0.1573,1969.4
BTD-2024-00164,Ormsgill Cement,Tom Beckwith,Active Assailant,United Kingdom,UK & Ireland,Wholesale,Norbury Risk Solutions,New Business,2024-06-01,2024-12-01,Renewed,GBP,1.0,4370,4370.0,0.1291,564.17
BTD-2025-00364,Ardenvale Mining Corporation,Eleanor Voss,Political Violence,United Kingdom,UK & Ireland,Retail,,New Business,2025-01-16,2026-01-16,Renewed,GBP,1.0,56880,"56,880.00",0.1991,"11,324.81"
BTD-2025-00712,Kelsterne Beverages,Callum Reid,D&O,Canada,North America,Retail,,New Business,2025-12-01,2026-12-01,Live,CAD,1.72,15470,8994.19,0.1492,1341.93
BTD-2025-00547,Alderney Freight Ltd,Marcus Ridley,Political Violence,Canada,North America,Wholesale,Ainsworth & Pike,Renewal,2025-07-09,2026-01-09,Renewed,CAD,1.72,57050,33168.6,0.1091,3618.69
BTD-2026-00948,Salterton Electronics,Marcus Ridley,K&R,Kenya,Middle East & Africa,Retail,,Renewal,2026-06-01,2028-06-01,Live,USD,1.27,18230,14354.33,0.2356,3381.88
BTD-2026-00942,Hexworthy Tunnelling,Marcus Ridley,Cyber,Netherlands,Europe,Wholesale,Ollerton & Hale,Renewal,2026-06-06,2027-06-06,Live,EUR,1.17,36660,31333.33,0.077,2412.67
BTD-2024-00229,Kestrel Field Services,Tom Beckwith,Kidnap and Ransom,United Kingdom,UK & Ireland,Retail,,Renewal,2024-08-01,2025-08-01,Renewed,GBP,1.0,10010,10010.0,0.2516,2518.52
BTD-2024-00007,Tregarthen Copper,Sofia Almeida,Product Recall,Cyprus,Europe,Wholesale,Lansdowne Brokers Group,New Business,2024-01-07,2024-07-07,Renewed,EUR,1.17,29100,28602.56,0.0891,2548.49
BTD-2026-00766,Newlyn Bay Fisheries,Tom Beckwith,Active Assailant,UK,UK & Ireland,Retail,,New Business,2026-01-16,2027-01-16,Live,GBP,1.0,9070,9070.0,0.2313,2097.89
BTD-2025-00469,Brackenhill Logistics,Marcus Ridley,PI,Italy,Europe,Wholesale,Ivory Lane Insurance,Renewal,2025-04-19,2026-04-19,Renewed,EUR,1.17,40070,34247.86,0.0809,2770.65
BTD-2025-00435,Caldwell Maritime Holdings,Marcus Ridley,D&O,United Kingdom,UK & Ireland,Wholesale,Eastgate Commercial Risks,New Business,2025-03-01,2026-03-01,Renewed,GBP,1.0,34950,34950.0,0.0846,2956.77
BTD-2024-00252,Ilverton Diagnostics,Tom Beckwith,Liability,United Arab Emirates,Middle East & Africa,Wholesale,Denholm Marsh Brokers,Renewal,2024-09-01,2025-09-01,Expired,USD,1.27,5930,4669.29,0.0978,456.66
BTD-2025-00703,Yeadon Rail Services,Priya Nandakumar,Kidnap and Ransom,Canada,North America,Retail,,New Business,2025-12-01,2026-06-01,Renewed,CAD,1.72,7180,4174.42,0.236,985.16
BTD-2026-00860,Orrinshaw Media Group,Priya Nandakumar,Liability,United Kingdom,UK & Ireland,Wholesale,Ollerton & Hale,Renewal,2026-04-10,2027-04-10,Live,GBP,1.0,30000,30000.0,0.1024,3072.0
BTD-2026-00849,Yeadon Rail Services,Eleanor Voss,Terrorism,United Kingdom,UK & Ireland,Retail,,New Business,2026-04-09,2027-04-09,Live,GBP,1.0,23750,23750.0,0.206,4892.5
BTD-2024-00295,Orrinshaw Media Group,Priya Nandakumar,Kidnap & Ransom,United Kingdom,UK & Ireland,Retail,,New Business,20/11/2024,2025-05-20,Renewed,GBP,1.0,9980,9980.0,0.249,2485.02
BTD-2024-00089,Westhaven Cruises,Eleanor Voss,D&O,United Kingdom,UK & Ireland,Retail,,New Business,2024-03-20,2025-03-20,Expired,GBP,1.0,19320,19320.0,0.1495,2888.34
BTD-2026-00755,Fairholme Capital Partners,Marcus Ridley,Liability,Switzerland,Europe,Wholesale,Jardine Wray Partners,New Business,2026-01-01,2027-01-01,Live,EUR,1.17,31590,27000.0,0.096,2592.0
BTD-2025-00428,Meridian Vale Energy,Tom Beckwith,D&O,United Kingdom,UK & Ireland,Retail,,New Business,2025-03-01,2026-03-01,Renewed,GBP,1.0,84910,84910.0,0.1516,12872.36
BTD-2025-00370,Nethercott Foods,Marcus Ridley,Professional Indemnity,UK,UK & Ireland,Retail,,New Business,2025-01-15,2026-01-15,Renewed,GBP,1.0,8470,8470.0,0.1417,1200.2
BTD-2024-00041,Harrowgate Resources Group,Sofia Almeida,Active Assailant,Germany,Europe,Retail,,New Business,2024-01-11,2025-01-11,Renewed,EUR,1.17,22620,22233.33,0.2156,4793.51
BTD-2024-00028,Northgate Pharmaceuticals,Marcus Ridley,Liability,United Kingdom,UK & Ireland,Wholesale,Fairweather & Co,New Business,2024-01-01,2025-01-01,Renewed,GBP,1.0,11610,11610.0,0.1023,1187.7
BTD-2025-00685,Tregarthen Copper,Marcus Ridley,Political Violence,United States,North America,Wholesale,Denholm Marsh Brokers,New Business,2025-11-01,2026-11-01,Live,USD,1.27,29870,23519.69,0.1175,2763.56
BTD-2025-00534,Stonegrave Construction,Priya Nandakumar,D&O,United Kingdom,UK & Ireland,Retail,,Renewal,2025-06-17,2026-06-17,Expired,GBP,1.0,19080,19080.0,0.1503,2867.72
BTD-2026-00891,Kestrel Field Services,Eleanor Voss,Active Assailant,United Kingdom,UK & Ireland,Retail,,Renewal,2026-04-28,2027-04-28,Live,GBP,1.0,16230,16230.0,0.2279,3698.82
BTD-2024-00153,Orrinshaw Media Group,Sofia Almeida,D&O,Australia,Asia Pacific,Wholesale,Norbury Risk Solutions,Renewal,2024-06-16,2026-06-16,Expired,AUD,1.93,74950,38834.2,0.0825,3203.82
BTD-2024-00235,Rothersay Shipping Lines,Sofia Almeida,Active Assailant,USA,North America,Retail,,New Business,2024-08-10,2025-08-10,Expired,USD,1.27,4850,3818.9,0.2273,868.04
BTD-2024-00048,Grantley Sports Holdings,Tom Beckwith,Kidnap & Ransom,UK,UK & Ireland,Wholesale,Hollowell Brokers Ltd,New Business,2024-01-07,2025-01-07,Renewed,GBP,1.0,9030,9030.0,0.1312,1184.74
BTD-2026-00950,Caldwell Maritime Holdings,Callum Reid,Cyber,United Kingdom,UK & Ireland,Wholesale,Eastgate Commercial Risks,Renewal,2026-06-01,2027-06-01,Live,GBP,1.0,15030,15030.0,0.0838,1259.51
BTD-2024-00127,Silverdale Data Centres,Sofia Almeida,Liability,Greece,Europe,Wholesale,Lansdowne Brokers Group,New Business,2024-04-23,2025-04-23,Expired,EUR,1.17,11830,10111.11,0.0938,948.42
BTD-2025-00550,Orrinshaw Media Group,Tom Beckwith,Fixated Threat,United Kingdom,UK & Ireland,Wholesale,Grindley Risk Services,Renewal,2025-07-01,2026-07-01,Live,GBP,1.0,4410,4410.0,0.1433,631.95
BTD-2025-00553,Everleigh Cosmetics,Tom Beckwith,Kidnap & Ransom,UK,UK & Ireland,Wholesale,Merrivale Insurance Partners,Renewal,2025-07-07,2027-07-07,Live,GBP,1.0,4690,4690.0,0.1356,635.96
BTD-2024-00306,Hexworthy Tunnelling,Sofia Almeida,Liability,Mexico,Latin America,Retail,,Renewal,2024-11-23,2025-11-23,Renewed,USD,1.27,32380,25496.06,0.1818,4635.18
BTD-2024-00034,Melbray Renewables,Priya Nandakumar,Liability,United Kingdom,UK & Ireland,Wholesale,Calderstone Risk Partners,New Business,2024-01-25,2025-01-25,Renewed,GBP,1.0,14450,14450.0,0.0942,1361.19
BTD-2024-00245,Harrowgate Resources Group,Marcus Ridley,Cyber,United Kingdom,UK & Ireland,Wholesale,Hollowell Brokers Ltd,New Business,2024-09-01,2025-09-01,Expired,GBP ,1.0,13850,13850.0,0.0882,1221.57
BTD-2025-00674,Vellacott Agritech,Marcus Ridley,Liability,Canada,North America,Retail,,New Business,2025-11-01,2026-11-01,Live,CAD,1.72,10500,6104.65,0.1692,1032.91
BTD-2025-00626,Salterton Electronics,Eleanor Voss,Terrorism,United Kingdom,UK & Ireland,Retail,,New Business,2025-09-04,2026-09-04,Live,GBP,1.0,15370,15370.0,0.2018,3101.67
BTD-2024-00169,Crayford Dynamics,Marcus Ridley,Professional Indemnity,United Kingdom,UK & Ireland,Wholesale,Ainsworth & Pike,New Business,2024-06-21,2025-06-21,Expired,GBP ,1.0,2950,2950.0,0.0778,229.51
BTD-2025-00601,Wardlow Precision,Marcus Ridley,Cyber,Nigeria,Middle East & Africa,Wholesale ,Kilbride Risk Advisers,New Business,2025-08-01,2026-08-01,Live,USD,1.27,14940,11763.78,0.0769,904.63
BTD-2025-00687,Meridian Vale Energy,Tom Beckwith,Product Recall,United Kingdom,UK & Ireland,Wholesale,Denholm Marsh Brokers,New Business,2025-11-14,2026-11-14,Live,GBP,1.0,71220,71220.0,0.0956,6808.63
BTD-2025-00474,Saltmarsh Infrastructure plc,Sofia Almeida,Marine Cargo,Colombia,Latin America,retail,,Renewal,2025-04-01,2026-04-01,Renewed,USD,1.27,10430,8212.6,0.1285,1055.32
BTD-2024-00298,Marchwood Engineering,Priya Nandakumar,Fixated Threat,United Kingdom,UK & Ireland,Retail,,Renewal,2024-11-01,2025-11-01,Expired,GBP,1.0,670,670.0,0.2593,173.73
BTD-2025-00583,Kestrel Field Services,Tom Beckwith,Fixated Threat,United States,North America,Retail,,New Business,2025-07-12,2026-07-12,Live,USD,1.27,4380,3448.82,0.2488,858.07
BTD-2025-00691,Northgate Pharmaceuticals,Sofia Almeida,Political Violence,Iraq,Middle East & Africa,Retail,,Renewal,2025-11-03,2026-11-03,Live,USD,1.27,71510,56307.09,0.195,10979.88
BTD-2025-00520,Sandringham Bio,Priya Nandakumar,Liability,United Kingdom,UK & Ireland,Retail,,New Business,2025-06-01,2026-06-01,Expired,GBP,1.0,14410,14410.0,0.1691,2436.73
BTD-2026-00862,Carrowmore Shipping,Priya Nandakumar,Marine Cargo,United States,North America,retail,,Renewal,2026-04-01,2026-10-01,Live,USD,1.27,3930,3094.49,0.1336,413.42
BTD-2025-00360,Pillerton Pharma,Sofia Almeida,Political Violence,Italy,Europe,Retail,,New Business,2025-01-01,2026-01-01,Expired,EUR,1.17,38560,32957.26,0.1887,6219.04
BTD-2026-00763,Wrayburn Motors,E Voss,Political Violence,Japan,Asia Pacific,Wholesale,Lansdowne Brokers Group,New Business,2026-01-01,2027-01-01,Live,USD,1.27,33960,26740.16,0.111,2968.16
BTD-2024-00066,Fennmoor Water Services,Sofia Almeida,Marine Cargo,Australia,Asia Pacific,Retail,,New Business,2024-02-01,2025-02-01,Renewed,AUD,1.93,14640,7585.49,0.133,1008.87
BTD-2026-00939,Alderney Freight Ltd,Tom Beckwith,Fixated Threat,Malaysia,Asia Pacific,Wholesale,Jardine Wray Partners,Renewal,2026-06-01,2027-06-01,Live,USD,1.27,2080,1637.8,0.1447,236.99
BTD-2025-00352,Yeadon Rail Services,Marcus Ridley,Liability,Malaysia,Asia Pacific,Wholesale,Denholm Marsh Brokers,New Business,2025-01-01,2026-01-01,Renewed,USD,1.27,4910,3866.14,0.0936,361.87
BTD-2024-00104,Kelsterne Beverages,Sofia Almeida,Political Violence,Nigeria,Middle East & Africa,Retail,,New Business,2024-04-01,2025-04-01,Expired,USD,1.27,37950,29881.89,0.193,5767.2
BTD-2025-00617,Thornbury Aid Foundation,Priya Nandakumar,Liability,Netherlands,Europe,Retail,,Renewal,2025-09-01,2026-09-01,Live,EUR,1.17,20900,17863.25,0.1761,3145.72
BTD-2024-00173,Kestrel Field Services,Tom Beckwith,Active Assailant,United Kingdom,UK & Ireland,Wholesale,Calderstone Risk Partners,New Business,2024-06-01,2025-06-01,Renewed,GBP,1.0,18910,18910.0,0.1144,2163.3
BTD-2025-00503,Brackenhill Logistics,Marcus Ridley,Liability,United Kingdom,UK & Ireland,Wholesale,Ainsworth & Pike,New Business,2025-05-03,2026-05-03,Renewed,GBP,1.0,19310,19310.0,0.0947,1828.66
BTD-2024-00054,Meridian Vale Energy,Eleanor Voss,Active Assailant,Colombia,Latin America,Wholesale ,Eastgate Commercial Risks,New Business,2024-01-01,2025-01-01,Expired,USD,1.27,26420,20803.15,0.1171,2436.05
BTD-2024-00192,Newlyn Bay Fisheries,Tom Beckwith,Professional Indemnity,UK,UK & Ireland,Wholesale,Eastgate Commercial Risks,New Business,2024-07-17,2025-07-17,Expired,GBP,1.0,5640,5640.0,0.0833,469.81
BTD-2025-00378,Tarnbeck Utilities,Sofia Almeida,Terrorism,South Africa,Middle East & Africa,Wholesale,Kilbride Risk Advisers,Renewal,2025-01-08,2026-01-08,Expired,ZAR,23.5,392700,16710.64,0.1099,1836.5
BTD-2024-00100,Willowbrook Care Group,E Voss,Active Assailant,Australia,Asia Pacific,Wholesale,Ainsworth & Pike,Renewal,2024-04-01,2025-04-01,Renewed,AUD,1.93,10390,5383.42,0.1246,670.77
BTD-2026-00870,Rothersay Shipping Lines,Callum Reid,Personal Accident,United Kingdom,UK & Ireland,Retail,,Renewal,2026-04-01,2027-04-01,Live,GBP,1.0,2600,2600.0,0.1959,509.34
BTD-2025-00451,Bellhaven Foods Group,Priya Nandakumar,Personal Accident,Mexico,Latin America,Retail,,New Business,2025-04-01,2026-04-01,Renewed,USD,1.27,5090,4007.87,0.207,829.63
BTD-2026-00878,Meridian Vale Energy,Priya Nandakumar,Active Assailant,United Kingdom,UK & Ireland,Wholesale,Fairweather & Co,New Business,2026-04-13,2027-04-13,Live,GBP,1.0,31500,31500.0,0.1204,3792.6
BTD-2024-00121,Bellhaven Foods Group,Tom Beckwith,Terrorism,Canada,North America,Retail,,New Business,2024-04-05,2025-04-05,Renewed,CAD,1.72,21320,12395.35,0.2147,2661.28
BTD-2024-00171,Tarnbeck Utilities,Eleanor Voss,Kidnap & Ransom,UK,UK & Ireland,Retail,,New Business,2024-06-07,2025-06-07,Renewed,GBP,1.0,12090,12090.0,0.2655,3209.9
BTD-2026-00831,Strathallan Whisky Co,Eleanor Voss,Kidnap & Ransom,Israel,Middle East & Africa,Retail,,New Business,2026-03-11,2026-09-11,Live,USD,1.27,10620,8362.2,0.2539,2123.16
BTD-2026-00852,Grantley Sports Holdings,Marcus Ridley,D&O,United Kingdom,UK & Ireland,Wholesale,Barrenger Insurance Brokers,Renewal,2026-04-16,2027-04-16,Live,GBP,1.0,51510,51510.0,0.0862,4440.16
BTD-2024-00050,Redcastle Minerals,Tom Beckwith,Personal Accident,Israel,Middle East & Africa,Wholesale,Barrenger Insurance Brokers,New Business,2024-01-02,2025-01-02,Expired,USD,1.27,2720,2141.73,0.1101,235.8
BTD-2026-00938,Grantley Sports Holdings,Priya Nandakumar,Fixated Threat,Japan,Asia Pacific,Wholesale,Grindley Risk Services,New Business,2026-06-14,2027-06-14,Live,USD,1.27,3100,2440.94,0.1371,334.65
BTD-2024-00029,Hexworthy Tunnelling,Tom Beckwith,D&O,US,North America,Wholesale,Norbury Risk Solutions,New Business,2024-01-22,2025-01-22,Renewed,USD,1.27,13910,10952.76,0.0858,939.75
BTD-2025-00665,Caldwell Maritime Holdings,Priya Nandakumar,Personal Accident,Greece,Europe,Wholesale,Lansdowne Brokers Group,New Business,2025-10-20,2026-10-20,Live,EUR,1.17,7140,6102.56,0.1084,661.52
BTD-2026-00946,Whitmoor Recycling,Marcus Ridley,Cyber,Australia,Asia Pacific,Retail,,Renewal,2026-06-01,2027-06-01,Live,AUD,1.93,24160,12518.13,0.1617,2024.18
BTD-2026-00818,Carrowmore Shipping,Marcus Ridley,D&O,South Africa,Middle East & Africa,Wholesale,Lansdowne Brokers Group,New Business,2026-03-03,2027-03-03,Live,ZAR,23.5,388600,16536.17,0.085,1405.57
BTD-2025-00620,Northgate Pharmaceuticals,Sofia Almeida,Terrorism,Switzerland,Europe,Retail,,Renewal,2025-09-21,2026-03-21,Renewed,EUR,1.17,52540,44905.98,0.1899,8527.65
BTD-2024-00162,Langmere Telecom,Priya Nandakumar,Personal Accident,United Kingdom,UK & Ireland,Retail,,New Business,2024-06-18,2025-06-18,Renewed,GBP,1.0,2350,2350.0,0.2036,478.46
BTD-2025-00704,Ledbury Green Power,Tom Beckwith,Kidnap & Ransom,Japan,Asia Pacific,Wholesale,Ainsworth & Pike,Renewal,2025-12-12,2026-12-12,Live,USD,1.27,6640,5228.35,0.1398,730.92
BTD-2025-00667,Pentreath Marine,Tom Beckwith,Terrorism,Colombia,Latin America,Wholesale ,Merrivale Insurance Partners,Renewal,2025-10-15,2026-10-15,Live,USD,1.27,43150,33976.38,0.114,3873.31
BTD-2025-00493,Redcastle Minerals,Eleanor Voss,Kidnap & Ransom,Italy,Europe,Retail,,Renewal,2025-05-06,2026-05-06,Renewed,EUR,1.17,25640,21914.53,0.2384,5224.42
BTD-2025-00498,Harrowgate Resources Group,Sofia Almeida,Terrorism,Israel,Middle East & Africa,Wholesale,Calderstone Risk Partners,Renewal,2025-05-12,2027-05-12,Live,USD,1.27,34610,27251.97,0.1083,2951.39
BTD-2024-00129,Garrowby Petroleum,Sofia Almeida,Product Recall,Nigeria,Middle East & Africa,Retail,,New Business,2024-04-06,2025-04-06,Expired,USD,1.27,5910,4653.54,0.1865,867.89
BTD-2025-00404,Melbray Renewables,Priya Nandakumar,Marine Cargo,Israel,Middle East & Africa,Wholesale,Grindley Risk Services,New Business,2025-02-01,2026-02-01,Renewed,USD,1.27,4910,3866.14,0.07,270.63
BTD-2024-00071,Orrinshaw Media Group,Eleanor Voss,Kidnap & Ransom,United Kingdom,UK & Ireland,Retail,,New Business,2024-02-01,2025-02-01,Renewed,GBP,1.0,60260,60260.0,0.262,15788.12
BTD-2024-00239,Saltmarsh Infrastructure plc,Eleanor Voss,Terrorism,Guernsey,UK & Ireland,Retail,,New Business,2024-09-01,2025-09-01,Renewed,GBP,1.0,31470,31470.0,0.1862,5859.71
BTD-2026-00722,Ilverton Diagnostics,Callum Reid,Liability,United Kingdom,UK & Ireland,Retail,,New Business,2026-01-15,2027-01-15,Live,GBP,1.0,7920,7920.0,0.1663,1317.1
BTD-2024-00150,Shawbury Aerospace,Eleanor Voss,Active Assailant,Greece,Europe,Retail,,New Business,2024-05-01,2025-05-01,Renewed,EUR,1.17,16990,14521.37,0.235,3412.52
BTD-2026-00827,Orrinshaw Media Group,Tom Beckwith,Terrorism,United Kingdom,UK & Ireland,Retail,,Renewal,2026-03-23,2026-09-23,Live,GBP,1.0,159000,159000.0,0.1952,31036.8
BTD-2026-00743,Kestrel Field Services,Eleanor Voss,Political Violence,Australia,Asia Pacific,Retail,,New Business,2026-01-01,2025-09-06,Live,AUD,1.93,96580,50041.45,0.2075,10383.6
BTD-2025-00575,Barrowfield Housing,Callum Reid,Professional Indemnity,Canada,North America,Wholesale,Denholm Marsh Brokers,New Business,2025-07-17,2026-07-17,Live,CAD,1.72,9340,5430.23,0.0793,430.62
BTD-2025-00586,Langmere Telecom,Callum Reid,Personal Accident,USA,North America,Wholesale,Hollowell Brokers Ltd,Renewal,2025-07-14,2026-07-14,Live,USD,1.27,6050,4763.78,0.1047,498.77
BTD-2026-00854,Nethercott Foods,Priya Nandakumar,Liability,Kenya,Middle East & Africa,Retail,,New Business,19/04/2026,2027-04-19,Live,USD,1.27,7400,5826.77,0.179,1042.99
BTD-2024-00257,Caldwell Maritime Holdings,Marcus Ridley,PI,Italy,Europe,Wholesale,Fairweather & Co,New Business,2024-09-14,2025-09-14,Renewed,EUR,1.17,12460,10649.57,0.0775,825.34
BTD-2026-00877,Kestrel Field Services,Marcus Ridley,Liability,Saudi Arabia,Middle East & Africa,Retail,,New Business,2026-04-03,2027-04-03,Live,USD,1.27,134300,105748.03,0.1703,18008.89
BTD-2026-00741,Northgate Pharmaceuticals,Marcus Ridley,Cyber,United Kingdom,UK & Ireland,Wholesale,Jardine Wray Partners,Renewal,2026-01-01,2027-01-01,Live,GBP ,1.0,15450,15450.0,0.0781,1206.64
BTD-2024-00325,Caldwell Maritime Holdings,Marcus Ridley,Political Violence,United Arab Emirates,Middle East & Africa,Wholesale,Hollowell Brokers Ltd,New Business,2024-12-07,2025-12-07,Renewed,USD,1.27,78960,62173.23,0.112,6963.4
BTD-2025-00402,Ardenvale Mining Corporation,Marcus Ridley,Cyber,United Kingdom,UK & Ireland,Wholesale,Calderstone Risk Partners,New Business,2025-02-01,2026-02-01,Expired,GBP,1.0,48960,48960.0,0.0877,4293.79
BTD-2026-00875,Brackenhill Logistics,Callum Reid,D&O,Saudi Arabia,Middle East & Africa,Wholesale,Lansdowne Brokers Group,New Business,2026-04-01,2027-04-01,Live,USD,1.27,60600,47716.54,0.0878,4189.51
BTD-2026-00750,Brackenhill Logistics,Callum Reid,Professional Indemnity,Greece,Europe,Wholesale,Denholm Marsh Brokers,Renewal,2026-01-04,2027-01-04,Live,EUR,1.17,21440,18324.79,0.0827,1515.46
BTD-2024-00022,Brackenhill Logistics,Marcus Ridley,Cyber,United Kingdom,UK & Ireland,Retail,,Renewal,2024-01-01,2025-01-01,Renewed,GBP,1.0,30990,30990.0,0.1604,4970.8
BTD-2025-00524,Ashcombe Analytics,Marcus Ridley,Prof Indemnity,United Kingdom,UK & Ireland,Wholesale,Calderstone Risk Partners,New Business,2025-06-01,2026-06-01,Renewed,GBP,1.0,10070,10070.0,0.0786,791.5
BTD-2026-00872,Thornbury Aid Foundation,Priya Nandakumar,Liability,UK,UK & Ireland,Retail,,New Business,2026-04-01,2027-04-01,Live,GBP,1.0,13070,13070.0,0.1718,2245.43
BTD-2024-00058,Kelsterne Beverages,Marcus Ridley,Political Violence,United Kingdom,UK & Ireland,Wholesale,Barrenger Insurance Brokers,New Business,2024-02-01,2025-02-01,Renewed,GBP,1.0,27370,27370.0,0.118,3229.66
BTD-2024-00144,Harrowgate Resources Group,Priya Nandakumar,Personal Accident,UK,UK & Ireland,Wholesale,Norbury Risk Solutions,New Business,2024-05-16,2025-05-16,Renewed,GBP,1.0,1900,1900.0,0.1084,205.96
BTD-2024-00227,Underhill Logistics,Eleanor Voss,Terrorism,Canada,North America,Wholesale,Denholm Marsh Brokers,Renewal,2024-08-01,2025-08-01,Expired,CAD,1.72,23090,13424.42,0.1136,1525.01
BTD-2025-00523,Tarnbeck Utilities,Sofia Almeida,Terrorism,United Kingdom,UK & Ireland,Wholesale ,Ivory Lane Insurance,New Business,2025-06-15,2026-06-15,Renewed,GBP,1.0,21580,21580.0,0.1172,2529.18
BTD-2026-00770,Kestrel Field Services,Priya Nandakumar,Cyber,Israel,Middle East & Africa,Retail,,Renewal,2026-01-19,2027-01-19,Live,USD,1.27,21400,16850.39,0.1427,2404.55
BTD-2025-00400,Barrowfield Housing,Marcus Ridley,D&O,United Kingdom,UK & Ireland,Wholesale,Grindley Risk Services,New Business,2025-02-04,2026-02-04,Expired,GBP,1.0,10660,10660.0,0.0772,822.95
BTD-2026-00767,Stonegrave Construction,Eleanor Voss,Active Assailant,United Kingdom,UK & Ireland,Retail,,Renewal,2026-01-22,2027-01-22,Live,GBP,1.0,8500,8500.0,0.2214,1881.9
BTD-2026-00904,Merrowdale Timber,Sofia Almeida,Marine Cargo,Hong Kong,Asia Pacific,Retail,,New Business,25/05/2026,2027-05-25,Live,USD,1.27,13570,10685.04,0.1236,1320.67
BTD-2025-00509,Melbray Renewables,Tom Beckwith,Liability,Ireland,UK & Ireland,Retail,,Renewal,2025-06-01,2027-06-01,Live,EUR,1.17,10510,8982.91,0.1715,1540.57
BTD-2025-00689,Melbray Renewables,Eleanor Voss,Political Violence,Australia,Asia Pacific,Retail,,Renewal,2025-11-01,2026-11-01,Live,AUD,1.93,90760,47025.91,0.2054,9659.12
BTD-2024-00068,Zenmoor Technologies,Tom Beckwith,Terrorism,Canada,North America,Retail,,New Business,2024-02-01,2025-02-01,Renewed,CAD,1.72,29270,17017.44,0.206,3505.59
BTD-2026-00910,Underhill Logistics,Eleanor Voss,Cyber,Canada,North America,Retail,,New Business,2026-05-21,2027-05-21,Live,CAD,1.72,23610,13726.74,0.159,2182.55
BTD-2026-00807,Ashcombe Analytics,Sofia Almeida,Marine Cargo,Mexico,Latin America,Wholesale,Jardine Wray Partners,Renewal,2026-02-01,2027-02-01,Live,USD,1.27,8910,7015.75,0.0707,496.01
BTD-2024-00328,Marchwood Engineering,Priya Nandakumar,Professional Indemnity,United Kingdom,UK & Ireland,Wholesale,Ivory Lane Insurance,Renewal,2024-12-20,2025-12-20,Expired,GBP,1.0,10840,10840.0,0.0851,922.48
BTD-2026-00896,Harrowgate Resources Group,Marcus Ridley,Professional Indemnity,Saudi Arabia,Middle East & Africa,Wholesale ,Denholm Marsh Brokers,Renewal,2026-05-27,2027-05-27,Live,USD,1.27,42030,33094.49,0.0769,2544.97
BTD-2025-00518,Nethercott Foods,Sofia Almeida,Product Recall,Brazil,Latin America,Retail,,New Business,2025-06-24,2026-06-24,Renewed,USD,1.27,55240,43496.06,0.1753,7624.86
BTD-2024-00272,Thornbury Aid Foundation,Marcus Ridley,Kidnap & Ransom,United Kingdom,UK & Ireland,Retail,,Renewal,2024-10-20,2025-10-20,Expired,GBP,1.0,10370,10370.0,0.2387,2475.32
BTD-2026-00740,Merrowdale Timber,Sofia Almeida,Terrorism,Canada,North America,Retail,,Renewal,2026-01-24,2027-01-24,Live,CAD,1.72,41920,24372.09,0.203,4947.53
BTD-2025-00604,Fordwich Legal Group,Callum Reid,D&O,United Kingdom,UK & Ireland,Wholesale,Calderstone Risk Partners,New Business,2025-08-01,2026-08-01,Live,GBP,1.0,10020,10020.0,0.0823,824.65
BTD-2024-00260,Fordwich Legal Group,Marcus Ridley,Kidnap & Ransom,United Kingdom,UK & Ireland,Retail,,New Business,2024-10-01,2026-10-01,Live,GBP,1.0,3820,3820.0,0.2606,995.49
BTD-2025-00580,Ilverton Diagnostics,Priya Nandakumar,Personal Accident,United States,North America,Wholesale,Norbury Risk Solutions,Renewal,2025-07-01,2026-07-01,Live,USD,1.27,4390,3456.69,0.1118,386.46
BTD-2025-00506,Harrowgate Resources Group,Marcus Ridley,Cyber,Hong Kong,Asia Pacific,Wholesale,Ivory Lane Insurance,New Business,2025-06-01,2026-06-01,Renewed,USD,1.27,35060,27606.3,0.082,2263.72
BTD-2025-00443,Pillerton Pharma,Sofia Almeida,Marine Cargo,France,Europe,Retail,,New Business,2025-03-01,2026-03-01,Renewed,EUR,1.17,10460,10281.2,0.1211,1245.05
BTD-2025-00484,Strathallan Whisky Co,Tom Beckwith,Kidnap & Ransom,Spain,Europe,Wholesale,Denholm Marsh Brokers,New Business,2025-05-26,2026-05-26,Renewed,EUR,1.17,3420,2923.08,0.1269,370.94
BTD-2024-00126,Corrieburn Energy,Marcus Ridley,D&O,United Kingdom,UK & Ireland,Wholesale,Ivory Lane Insurance,New Business,2024-04-05,2025-04-05,Renewed,GBP,1.0,17220,17220.0,0.087,1498.14
BTD-2024-00313,Hartsmere Aviation,Sofia Almeida,Marine Cargo,South Africa,Middle East & Africa,Retail,,New Business,2024-12-21,2025-12-21,Renewed,ZAR,23.5,115200,4902.13,0.1191,583.84
BTD-2026-00789,Underhill Logistics,Sofia Almeida,Terrorism,Nigeria,Middle East & Africa,Retail,,Renewal,2026-01-01,2027-01-01,Live,USD,1.27,44140,34755.91,0.2097,7288.31
BTD-2025-00696,Bellhaven Foods Group,Callum Reid,D&O,Malaysia,Asia Pacific,Retail,,Renewal,2025-12-01,2026-12-01,Live,USD,1.27,20310,15992.13,0.1535,2454.79
BTD-2026-00751,Inglefield Robotics,Callum Reid,D&O,Canada,North America,Wholesale,Calderstone Risk Partners,Renewal,2026-01-02,2026-07-02,Live,CAD,1.72,17850,10377.91,0.078,809.48
BTD-2026-00866,Wardlow Precision,Sofia Almeida,Terrorism,Saudi Arabia,Middle East & Africa,Retail,,Renewal,2026-04-03,2027-04-03,Live,USD,1.27,34450,27125.98,0.1939,5259.73
BTD-2025-00417,Westhaven Cruises,Marcus Ridley,Personal Accident,United Kingdom,UK & Ireland,Wholesale,Norbury Risk Solutions,Renewal,2025-02-15,2026-02-15,Renewed,GBP,1.0,6910,6910.0,0.1019,704.13
BTD-2025-00483,Carrowmore Shipping,Eleanor Voss,Active Assailant,United Kingdom,UK & Ireland,Retail,,New Business,2025-05-24,2026-05-24,Expired,GBP,1.0,6340,6340.0,0.2343,1485.46
BTD-2026-00839,Nethercott Foods,Eleanor Voss,Cyber,Malaysia,Asia Pacific,Retail,,New Business,2026-03-01,2027-03-01,Live,USD,1.27,30500,24015.75,0.1562,3751.26
BTD-2025-00467,Yarnholme Packaging,Eleanor Voss,Kidnap & Ransom,United Kingdom,UK & Ireland,Retail,,New Business,2025-04-01,2025-10-01,Renewed,GBP ,1.0,39020,39020.0,0.2425,9462.35
BTD-2024-00146,Draycote Systems,Eleanor Voss,Liability,United Kingdom,UK & Ireland,Wholesale,Eastgate Commercial Risks,New Business,2024-05-22,2025-05-22,Renewed,GBP,1.0,3200,3200.0,0.1019,326.08
BTD-2024-00128,Kelsterne Beverages,Marcus Ridley,Professional Indemnity,United Kingdom,UK & Ireland,Wholesale ,Kilbride Risk Advisers,New Business,2024-04-26,2025-04-26,Expired,GBP,1.0,7320,7320.0,0.0838,613.42
BTD-2025-00557,Halloway Security Group,Marcus Ridley,D&O,United Arab Emirates,Middle East & Africa,Wholesale,Barrenger Insurance Brokers,New Business,2025-07-04,2026-07-04,Live,USD,1.27,31190,24559.06,0.082,2013.84
BTD-2025-00399,Alderney Freight Ltd,Tom Beckwith,Terrorism,United Kingdom,UK & Ireland,Retail,,New Business,2025-02-01,2026-02-01,Renewed,GBP,1.0,17010,"17,010.00",0.2105,"3,580.60"
BTD-2025-00458,Alderney Freight Ltd,Priya Nandakumar,Fixated Threat,United Kingdom,UK & Ireland,Wholesale,Jardine Wray Partners,Renewal,2025-04-03,2025-10-03,Expired,GBP,1.0,3380,3380.0,0.1436,485.37
BTD-2025-00346,Yarnholme Packaging,Tom Beckwith,Fixated Threat,United Kingdom,UK & Ireland,Retail,,New Business,2025-01-06,2026-01-06,Renewed,GBP,1.0,1350,1350.0,0.2329,314.42
BTD-2026-00819,Quenby Insurance Services,Tom Beckwith,Active Assailant,Brazil,Latin America,Retail,,New Business,2026-03-18,2028-03-18,Live,USD,1.27,11440,9007.87,0.2397,2159.19
BTD-2026-00812,Saltmarsh Infrastructure plc,Eleanor Voss,Terrorism,United Kingdom,UK & Ireland,Wholesale,Jardine Wray Partners,Renewal,2026-02-01,2027-02-01,Live,GBP,1.0,16350,16350.0,0.1077,1760.9
BTD-2024-00310,Havelock Steel,Priya Nandakumar,Marine Cargo,United Kingdom,UK & Ireland,Retail,,New Business,2024-11-01,2025-11-01,Renewed,GBP,1.0,3540,3540.0,0.1153,408.16
BTD-2025-00681,Draycote Systems,Eleanor Voss,Kidnap and Ransom,Canada,North America,Wholesale,Denholm Marsh Brokers,New Business,2025-11-01,2026-05-01,Renewed,CAD,1.72,11400,6627.91,0.1289,854.34
BTD-2024-00315,Crayford Dynamics,Marcus Ridley,Cyber,UK,UK & Ireland,Wholesale,Calderstone Risk Partners,Renewal,2024-12-24,2025-06-24,Renewed,GBP,1.0,10010,10010.0,0.0847,847.85
BTD-2025-00565,Northgate Pharmaceuticals,Sofia Almeida,D&O,Germany,Europe,Retail,,New Business,2025-07-21,2026-07-21,Live,EUR,1.17,36520,31213.68,0.1616,5044.13
BTD-2025-00389,Kestrel Field Services,Sofia Almeida,Marine Cargo,Australia,Asia Pacific,Retail,,New Business,2025-01-01,2026-01-01,Renewed,AUD,1.93,18200,9430.05,0.1254,1182.53
BTD-2024-00135,Wrayburn Motors,Marcus Ridley,Liability,United Kingdom,UK & Ireland,Wholesale,Denholm Marsh Brokers,New Business,2042-05-01,2043-05-01,Renewed,GBP,1.0,17890,17890.0,0.089,1592.21
BTD-2025-00485,Quenby Insurance Services,Tom Beckwith,Terrorism,United States,North America,Retail,,New Business,2025-05-20,2026-05-20,Renewed,USD,1.27,9040,7118.11,0.1882,1339.63
BTD-2025-00459,Langmere Telecom,Priya Nandakumar,Personal Accident,Singapore,Asia Pacific,Wholesale,Denholm Marsh Brokers,New Business,2025-04-11,2027-04-11,Live,USD,1.27,860,677.17,0.1065,72.12
BTD-2025-00640,Willowbrook Care Group,Marcus Ridley,Professional Indemnity,United Kingdom,UK & Ireland,Wholesale,Grindley Risk Services,New Business,2025-10-01,2027-10-01,Live,GBP,1.0,10620,10620.0,0.0845,897.39
BTD-2026-00765,Oakhampton Retail Holdings,Callum Reid,Personal Accident,United Kingdom,UK & Ireland,Retail,,Renewal,2026-01-25,2027-01-25,Live,GBP ,1.0,6090,6090.0,0.2104,1281.34
BTD-2024-00008,Pillerton Pharma,Tom Beckwith,Fixated Threat,United States,North America,Wholesale,Ollerton & Hale,New Business,2024-01-23,2025-01-23,Renewed,USD,1.27,5030,3960.63,0.1396,552.9
BTD-2024-00073,Draycote Systems,Marcus Ridley,Political Violence,Kenya,Middle East & Africa,Wholesale,Eastgate Commercial Risks,New Business,2024-02-24,2025-02-24,Renewed,USD,1.27,16870,13283.46,0.1176,1562.14
BTD-2026-00717,Fairholme Capital Partners,Marcus Ridley,Professional Indemnity,Spain,Europe,Wholesale,Denholm Marsh Brokers,New Business,2026-01-03,2027-01-03,Live,EUR,1.17,11730,10025.64,0.088,882.26
BTD-2026-00816,Grantley Sports Holdings,Callum Reid,Personal Accident,United Kingdom,UK & Ireland,Wholesale,Calderstone Risk Partners,Renewal,01/02/2026,2026-08-01,Live,GBP,1.0,2610,2610.0,0.1039,271.18
BTD-2025-00447,Strathallan Whisky Co,Eleanor Voss,Political Violence,United Kingdom,UK & Ireland,Wholesale,Ivory Lane Insurance,Renewal,2025-04-13,2026-04-13,Expired,GBP,1.0,32130,32130.0,0.1083,3479.68
BTD-2026-00912,Hartsmere Aviation,marcus ridley,Cyber,Canada,North America,Wholesale,Eastgate Commercial Risks,New Business,2026-05-08,2027-05-08,Live,CAD,1.72,29920,17395.35,0.0843,1466.43
BTD-2024-00281,Merrowdale Timber,Eleanor  Voss,Active Assailant,Greece,Europe,Retail,,New Business,2024-10-03,2025-10-03,Renewed,EUR,1.17,8240,7042.74,0.2283,1607.86
BTD-2026-00781,Saltmarsh Infrastructure plc,Marcus Ridley,Liability,USA,North America,Retail,,New Business,2026-01-16,2026-07-16,Live,USD,1.27,22710,17881.89,0.1737,3106.08
BTD-2025-00478,Pillerton Pharma,Priya Nandakumar,Liability,United Kingdom,UK & Ireland,Wholesale,Merrivale Insurance Partners,Renewal,2025-04-01,2026-04-01,Expired,GBP,1.0,3250,3250.0,0.0911,296.08
BTD-2026-00929,Garrowby Petroleum,Marcus Ridley,D&O,Israel,Middle East & Africa,Wholesale,Hollowell Brokers Ltd,New Business,2026-06-04,2027-06-04,Live,USD,1.27,36200,28503.94,0.0874,2491.24
BTD-2025-00627,Kilnbrook Automotive,Priya Nandakumar,Marine Cargo,Canada,North America,Wholesale ,Calderstone Risk Partners,Renewal,2025-09-01,2026-09-01,Live,CAD,1.72,5370,3122.09,0.0685,213.86
BTD-2026-00883,Larkspur Hotels Group,Tom Beckwith,Active Assailant,Canada,North America,Wholesale ,Ivory Lane Insurance,New Business,2026-04-26,2027-04-26,Live,CAD,1.72,20090,11680.23,0.1206,1408.64
BTD-2024-00086,Quenby Insurance Services,Sofia Almeida,Political Violence,China,Asia Pacific,Retail,,New Business,2024-03-26,2024-09-26,Expired,USD,1.27,26060,20519.69,0.2002,4108.04
BTD-2026-00833,Grantley Sports Holdings,Marcus Ridley,Terrorism,Greece,Europe,Retail,,Renewal,2026-03-10,2027-03-10,Live,EUR,1.17,17200,14700.85,0.1908,2804.92
BTD-2025-00666,Northgate Pharmaceuticals,Tom Beckwith,D&O,United Kingdom,UK & Ireland,Wholesale,Eastgate Commercial Risks,New Business,2025-10-10,2026-10-10,Live,GBP,1.0,15440,15440.0,0.0802,1238.29
BTD-2026-00737,Quenby Insurance Services,Sofia Almeida,Terrorism,Greece,Europe,Retail,,New Business,2026-01-05,2027-01-05,Live,EUR,1.17,32230,27547.01,0.2123,5848.23
BTD-2024-00114,Rothersay Shipping Lines,Eleanor Voss,Active Assailant,United Arab Emirates,Middle East & Africa,Wholesale,Norbury Risk Solutions,Renewal,2024-04-25,2025-04-25,Renewed,USD,1.27,7070,5566.93,0.1265,704.22
BTD-2026-00940,Pentreath Marine,Tom Beckwith,Fixated Threat,United Kingdom,UK & Ireland,Wholesale,Barrenger Insurance Brokers,Renewal,2026-06-11,2027-06-11,Live,GBP,1.0,3350,3350.0,0.1366,457.61
BTD-2026-00803,Inglefield Robotics,Sofia Almeida,Marine Cargo,United Arab Emirates,Middle East & Africa,Retail,,Renewal,2026-02-01,2027-02-01,Live,USD,1.27,14800,11653.54,0.1156,1347.15
BTD-2025-00519,Coldharbour Estates,Tom Beckwith,Active Assailant,United Kingdom,UK & Ireland,Wholesale,Ollerton & Hale,New Business,2025-06-01,2026-06-01,Renewed,GBP,1.0,12230,12230.0,0.1285,1571.56
BTD-2025-00367,Ardenvale Mining Corporation,Sofia Almeida,Marine Cargo,Greece,Europe,Retail,,New Business,2025-01-01,2026-01-01,Renewed,EUR,1.17,33190,28367.52,0.13,3687.78
BTD-2024-00092,Willowbrook Care Group,Eleanor Voss,Political Violence,United States,North America,Retail,,New Business,2024-03-01,2025-03-01,Renewed,usd,1.27,45020,35448.82,0.1868,6621.84
BTD-2024-00172,Northgate Pharmaceuticals,Priya Nandakumar,Personal Accident,United Kingdom,UK & Ireland,Wholesale,Fairweather & Co,New Business,2024-06-01,2025-06-01,Expired,GBP,1.0,3370,3370.0,0.1088,366.66
BTD-2025-00629,Brackenhill Logistics,Eleanor Voss,Terrorism,United Kingdom,UK & Ireland,Retail,,Renewal,2025-09-01,2027-09-01,Live,GBP,1.0,19640,19640.0,0.1942,3814.09
BTD-2025-00351,Eastcliffe Publishing,Marcus Ridley,Cyber,Greece,Europe,Retail,,New Business,2025-01-22,2026-01-22,Expired,EUR,1.17,10530,9000.0,0.1531,1377.9
BTD-2026-00901,Ashcombe Analytics,Marcus Ridley,Active Assailant,United Kingdom,UK & Ireland,Wholesale,Calderstone Risk Partners,Renewal,2026-05-04,2027-05-04,Live,GBP,1.0,5210,5210.0,0.1156,602.28
BTD-2025-00499,Pillerton Pharma,Tom Beckwith,Active Assailant,United Kingdom,UK & Ireland,Wholesale,Calderstone Risk Partners,New Business,2025-05-01,2026-05-01,Expired,GBP,1.0,19620,19620.0,0.1288,2527.06
BTD-2026-00727,Glenmarch Textiles,Marcus Ridley,Professional Indemnity,United Kingdom,UK & Ireland,Wholesale,Barrenger Insurance Brokers,Renewal,2026-01-01,2027-01-01,Live,GBP,1.0,7920,7920.0,0.0882,698.54
BTD-2025-00424,Kilnbrook Automotive,Marcus Ridley,D&O,Canada,North America,Wholesale,Barrenger Insurance Brokers,New Business,2025-03-01,2026-03-01,Renewed,CAD,1.72,49290,28656.98,0.0832,2384.26
BTD-2025-00631,Redcastle Minerals,Marcus Ridley,Personal Accident,Israel,Middle East & Africa,Wholesale ,Fairweather & Co,Renewal,2025-09-01,2026-09-01,Live,USD,1.27,4450,3503.94,0.1029,360.56
BTD-2025-00600,Ravensworth Trading,Eleanor Voss,Kidnap & Ransom,United Kingdom,UK & Ireland,Retail,,Renewal,2025-08-07,2026-08-07,Live,GBP,1.0,11940,11940.0,0.2483,2964.7
BTD-2025-00650,Meridian Vale Energy,Eleanor Voss,Active Assailant,Canada,North America,Wholesale,Barrenger Insurance Brokers,New Business,2025-10-19,2026-10-19,Live,CAD,1.72,47810,27796.51,0.115,3196.6
BTD-2024-00290,Cleveland Row Partners,Sofia Almeida,Terrorism,Australia,Asia Pacific,Retail,,New Business,2024-11-01,2025-11-01,Renewed,AUD,1.93,15100,7823.83,0.1856,1452.1
BTD-2024-00183,Dunmarrow Agriculture,marcus ridley,D&O,United Kingdom,UK & Ireland,Retail,,New Business,2024-07-01,2025-01-01,Renewed,GBP,1.0,22120,22120.0,0.1505,3329.06
BTD-2025-00423,Fairholme Capital Partners,Marcus Ridley,Liability,Australia,Asia Pacific,Wholesale,Lansdowne Brokers Group,Renewal,2025-03-13,2026-03-13,Expired,AUD,1.93,26570,13766.84,0.0893,1229.38
BTD-2025-00497,Applecross Distilling,Eleanor Voss,Kidnap and Ransom,United Kingdom,UK & Ireland,Retail,,New Business,2025-05-01,2026-05-01,Renewed,GBP,1.0,9800,9800.0,0.2692,2638.16
BTD-2026-00731,Rothersay Shipping Lines,Callum Reid,D&O,United Kingdom,UK & Ireland,Wholesale,Jardine Wray Partners,Renewal,2026-01-12,2027-01-12,Live,GBP,1.0,22200,22200.0,0.0817,1813.74
BTD-2025-00511,Strathallan Whisky Co,Eleanor  Voss,Kidnap & Ransom,United Kingdom,UK & Ireland,Wholesale,Kilbride Risk Advisers,New Business,2025-06-01,2026-06-01,Expired,GBP,1.0,20750,20750.0,0.1302,2701.65
BTD-2026-00801,Havelock Steel,Sofia Almeida,Product Recall,Cyprus,Europe,Retail,,Renewal,2026-02-17,2028-02-17,Live,EUR,1.17,25630,21905.98,0.1842,4035.08
BTD-2026-00861,Ashcombe Analytics,Sofia Almeida,Marine Cargo,United Kingdom,UK & Ireland,Wholesale,Norbury Risk Solutions,Renewal,2026-04-01,2027-04-01,Live,GBP,1.0,7050,7050.0,0.0642,452.61
BTD-2026-00848,Stonegrave Construction,Sofia Almeida,Marine Cargo,Australia,Asia Pacific,Retail,,New Business,2026-03-14,2027-03-14,Live,AUD,1.93,16600,8601.04,0.1176,1011.48
BTD-2025-00472,Nethercott Foods,Sofia Almeida,Political Violence,Colombia,Latin America,Retail,,Renewal,2025-04-27,2026-04-27,Renewed,USD,1.27,69720,54897.64,0.1905,10458.0
BTD-2025-00410,Merrowdale Timber,Sofia Almeida,Marine Cargo,Greece,Europe,Wholesale,Ainsworth & Pike,New Business,2025-02-18,2026-02-18,Renewed,EUR,1.17,6290,5376.07,0.0734,394.6
BTD-2024-00322,Northgate Pharmaceuticals,Tom Beckwith,Fixated Threat,Canada,North America,Wholesale,Hollowell Brokers Ltd,Renewal,2024-12-28,2025-06-28,Renewed,CAD,1.72,4320,2511.63,0.1294,325.0
BTD-2025-00475,Winterbourne Labs,Sofia Almeida,Product Recall,United States,North America,Retail,,New Business,18/04/2025,2026-04-18,Renewed,USD,1.27,60540,47669.29,0.1752,8351.66
BTD-2025-00392,Ledbury Green Power,Priya Nandakumar,Liability,United Kingdom,UK & Ireland,Wholesale,Ollerton & Hale,New Business,2025-01-05,2026-01-05,Renewed,GBP,1.0,7490,7490.0,0.089,666.61
BTD-2025-00416,Coldharbour Estates,Marcus Ridley,Cyber,United Kingdom,UK & Ireland,Wholesale,Ivory Lane Insurance,New Business,24/02/2025,2026-02-24,Renewed,GBP,1.0,9650,9650.0,0.0889,857.89
BTD-2025-00343,Caldwell Maritime Holdings,Tom Beckwith,Fixated Threat,China,Asia Pacific,Wholesale ,Denholm Marsh Brokers,Renewal,2025-01-13,2025-07-13,Renewed,USD,1.27,7570,5960.63,0.1385,825.55
BTD-2026-00824,Havelock Steel,Tom Beckwith,Fixated Threat,United Kingdom,UK & Ireland,Wholesale,Lansdowne Brokers Group,New Business,2026-03-01,2026-09-01,Live,GBP,1.0,3370,3370.0,0.1395,470.12
BTD-2024-00035,Stonegrave Construction,Marcus Ridley,Liability,Australia,Asia Pacific,Retail,,New Business,01/01/2024,2025-01-01,Renewed,AUD,1.93,14290,7404.15,0.1743,1290.54
BTD-2024-00267,Meridian Vale Energy,Eleanor Voss,Political Violence,United Kingdom,UK & Ireland,Retail,,New Business,2024-10-20,2025-10-20,Renewed,GBP,1.0,39240,39240.0,0.1874,7353.58
BTD-2024-00276,Halloway Security Group,Eleanor Voss,Kidnap and Ransom,United Kingdom,UK & Ireland,Retail,,New Business,2024-10-03,2025-04-03,Expired,GBP,1.0,11340,11340.0,0.2656,3011.9
BTD-2024-00265,Westhaven Cruises,Marcus Ridley,Liability,Greece,Europe,Wholesale,Ainsworth & Pike,New Business,2024-10-20,2025-10-20,Expired,EUR,1.17,6910,5905.98,0.0964,569.34
BTD-2025-00496,Wardlow Precision,Priya Nandakumar,Liability,United Kingdom,UK & Ireland,Wholesale ,Denholm Marsh Brokers,Renewal,2025-05-12,2026-05-12,Renewed,GBP,1.0,3070,3070.0,0.0897,275.38
BTD-2026-00825,Meridian Vale Energy,Tom Beckwith,Kidnap & Ransom,Canada,North America,Wholesale,Grindley Risk Services,New Business,2026-03-23,2027-03-23,Live,CAD,1.72,21130,12284.88,0.1321,1622.83
BTD-2026-00817,Langmere Telecom,Eleanor Voss,Fixated Threat,UK,UK & Ireland,Wholesale,Lansdowne Brokers Group,New Business,2026-02-24,2026-08-24,Live,GBP,1.0,9000,9000.0,0.1473,1325.7
BTD-2025-00570,Corrieburn Energy,Eleanor Voss,Political Violence,United Kingdom,UK & Ireland,Retail,,Renewal,2025-07-19,2026-07-19,Live,GBP ,1.0,28170,28170.0,0.1879,5293.14
BTD-2026-00935,Hexworthy Tunnelling,Priya Nandakumar,Product Recall,Canada,North America,Retail,,New Business,2026-06-17,2027-06-17,Live,CAD,1.72,57350,33343.02,0.1822,6075.1
BTD-2025-00387,Larkspur Hotels Group,Marcus Ridley,Professional Indemnity,United Kingdom,UK & Ireland,Retail,,Renewal,2025-01-03,2025-07-03,Renewed,GBP,1.0,6340,6340.0,0.1495,947.83
BTD-2024-00166,Barrowfield Housing,Tom Beckwith,Fixated Threat,Saudi Arabia,Middle East & Africa,Wholesale,Ainsworth & Pike,New Business,2024-06-27,2025-06-27,Expired,USD,1.27,7470,5881.89,0.1396,821.11
BTD-2025-00668,Stonegrave Construction,Tom Beckwith,Active Assailant,United Kingdom,UK & Ireland,Wholesale,Barrenger Insurance Brokers,New Business,2025-10-16,2026-10-16,Live,GBP,1.0,10100,10100.0,0.1151,1162.51
BTD-2024-00139,Northgate Pharmaceuticals,Eleanor Voss,D&O,Cyprus,Europe,Retail,,New Business,2024-05-20,2025-05-20,Renewed,EUR,1.17,171500,146581.2,0.1464,21459.49
BTD-2024-00197,Ardenvale Mining Corporation,Sofia Almeida,Product Recall,South Africa,Middle East & Africa,Wholesale,Jardine Wray Partners,Renewal,2024-07-01,2025-07-01,Expired,ZAR,23.5,2088800,88885.11,0.1015,9021.84
BTD-2025-00685,Tregarthen Copper,Marcus Ridley,Political Violence,United States,North America,Wholesale,Denholm Marsh Brokers,New Business,2025-11-01,2026-11-01,Live,USD,1.27,29870,23519.69,0.1175,2763.56
BTD-2026-00840,Garrowby Petroleum,Callum Reid,Terrorism,United Kingdom,UK & Ireland,Retail,,New Business,2026-03-12,2027-03-12,Live,GBP,1.0,12410,12410.0,0.2106,2613.55
BTD-2026-00934,Wrayburn Motors,Sofia Almeida,Marine Cargo,Colombia,Latin America,Retail,,Renewal,2026-06-01,2027-06-01,Live,USD,1.27,14960,11779.53,0.1202,1415.9
BTD-2025-00566,Whitmoor Recycling,Tom Beckwith,Kidnap & Ransom,USA,North America,Retail,,Renewal,2025-07-08,2026-07-08,Live,USD,1.27,20840,16409.45,0.2647,4343.58
BTD-2026-00921,Wardlow Precision,Sofia Almeida,Product Recall,Kenya,Middle East & Africa,Retail,,Renewal,2026-06-03,2027-06-03,Live,USD,1.27,40350,31771.65,0.1661,5277.27
BTD-2024-00147,Crayford Dynamics,Tom Beckwith,Fixated Threat,Canada,North America,Wholesale,Grindley Risk Services,New Business,2024-05-01,2024-11-01,Renewed,CAD,1.72,5560,3232.56,0.1304,421.53
BTD-2024-00006,Whitmoor Recycling,Marcus Ridley,Cyber,Canada,North America,Retail,,New Business,2024-01-28,2025-01-28,Expired,CAD,1.72,9170,5331.4,0.1496,797.58
BTD-2025-00543,Caldwell Maritime Holdings,Eleanor Voss,Active Assailant,UK,UK & Ireland,Retail,,New Business,2025-07-20,2026-07-20,Live,GBP,1.0,26120,26120.0,0.2332,6091.18
BTD-2024-00216,Yarnholme Packaging,Priya Nandakumar,Liability,United Kingdom,UK & Ireland,Wholesale,Ollerton & Hale,New Business,2024-07-26,2025-07-26,Expired,GBP,1.0,12940,12940.0,0.1021,1321.17
BTD-2026-00809,Havelock Steel,Eleanor Voss,Kidnap & Ransom,USA,North America,Retail,,Renewal,2026-02-02,2027-02-02,Live,USD,1.27,3500,2755.91,0.269,741.34
BTD-2024-00045,Redcastle Minerals,E Voss,Personal Accident,France,Europe,Retail,,New Business,2024-01-24,2025-01-24,Renewed,EUR,1.17,6820,5829.06,0.1854,1080.71
BTD-2025-00426,Caldwell Maritime Holdings,Tom Beckwith,Terrorism,UK,UK & Ireland,Wholesale,Norbury Risk Solutions,Renewal,2025-03-26,2026-03-26,Expired,GBP,1.0,10060,10060.0,0.1169,1176.01
BTD-2026-00724,Thornbury Aid Foundation,Eleanor Voss,Kidnap & Ransom,Malaysia,Asia Pacific,Retail,,Renewal,2026-01-25,2027-01-25,Live,USD,1.27,19240,"15,149.61",0.2593,"3,928.29"
BTD-2025-00381,Wardlow Precision,Eleanor Voss,Terrorism,United Kingdom,UK & Ireland,Wholesale,Grindley Risk Services,New Business,2025-01-11,2026-01-11,Renewed,GBP,1.0,23490,23490.0,0.1015,2384.24
BTD-2024-00051,Caldwell Maritime Holdings,Sofia Almeida,Terrorism,US,North America,Wholesale,Merrivale Insurance Partners,New Business,2024-01-01,2025-01-01,Renewed,USD,1.27,19030,14984.25,0.1041,1559.86
BTD-2026-00885,Saltmarsh Infrastructure plc,Eleanor Voss,Liability,USA,North America,Retail,,New Business,2026-04-09,2027-04-09,Live,USD,1.27,29700,23385.83,0.164,3835.28
BTD-2026-00855,Ilverton Diagnostics,Tom Beckwith,Kidnap & Ransom,Japan,Asia Pacific,Wholesale,Denholm Marsh Brokers,New Business,2026-04-17,2027-04-17,Live,usd,1.27,12080,9511.81,0.1279,1216.56
BTD-2026-00791,Blackwater Survey Co,Callum Reid,Active Assailant,United Kingdom,UK & Ireland,Retail,,New Business,2026-01-01,2027-01-01,Live,GBP,1.0,8900,8900.0,0.2289,2037.21
BTD-2025-00592,Oakhampton Retail Holdings,Tom Beckwith,Kidnap & Ransom,United Kingdom,UK & Ireland,Retail,,New Business,2025-08-19,2026-08-19,Live,GBP,1.0,8600,8600.0,0.2371,2039.06
BTD-2026-00936,Crayford Dynamics,Priya Nandakumar,Professional Indemnity,Colombia,Latin America,Retail,,Renewal,2026-06-05,2027-06-05,Live,USD,1.27,11560,9102.36,0.1518,1381.74
BTD-2024-00109,Corrieburn Energy,Tom Beckwith,Terrorism,United States,North America,Retail,,New Business,2024-04-09,2024-10-09,Renewed,USD,1.27,36250,28543.31,0.1867,5329.04
BTD-2024-00302,Brackenhill Logistics,Priya Nandakumar,Personal Accident,Italy,Europe,Retail,,Renewal,2024-11-01,2025-11-01,Renewed,EUR,1.17,14590,12470.09,0.198,2469.08
BTD-2025-00487,Draycote Systems,Tom Beckwith,K&R,United States,North America,Retail,,Renewal,2025-05-19,2026-05-19,Renewed,USD,1.27,3800,2992.13,0.2632,787.53
BTD-2026-00752,Ashcombe Analytics,Marcus Ridley,Cyber,Hong Kong,Asia Pacific,Retail,,New Business,2026-01-01,2027-01-01,Live,USD,1.27,6560,5165.35,0.1579,815.61
BTD-2026-00941,Hartsmere Aviation,Marcus Ridley,D&O,Colombia,Latin America,Wholesale,Calderstone Risk Partners,New Business,2026-06-07,2027-06-07,Live,USD,1.27,25540,20110.24,0.087,1749.59
BTD-2024-00208,Kelsterne Beverages,marcus ridley,Product Recall,Ukraine,Europe,Wholesale,Lansdowne Brokers Group,Renewal,2024-07-20,2025-07-20,Renewed,USD,1.27,21670,17062.99,0.0957,1632.93
BTD-2025-00680,Wickenby Defence Systems,Priya Nandakumar,Political Violence,Israel,Middle East & Africa,Wholesale,Merrivale Insurance Partners,New Business,2025-11-01,2027-11-01,Live,USD,1.27,40280,31716.54,0.1032,3273.15
BTD-2025-00656,Everleigh Cosmetics,Eleanor Voss,Terrorism,Australia,Asia Pacific,Retail,,New Business,2025-10-05,2026-10-05,Live,AUD,1.93,51190,26523.32,0.1941,5148.18
BTD-2024-00142,Thurloe Investments,Tom Beckwith,Product Recall,Canada,North America,Retail,,New Business,2024-05-10,2025-05-10,Renewed,CAD,1.72,13690,7959.3,0.1759,1400.04
BTD-2024-00040,Harrowgate Resources Group,Priya Nandakumar,Marine Cargo,United Kingdom,UK & Ireland,Retail,,New Business,2024-01-23,2025-01-23,Renewed,GBP,1.0,3190,3190.0,0.124,395.56
BTD-2026-00897,Zenmoor Technologies,Eleanor Voss,K&R,United Arab Emirates,Middle East & Africa,Retail,,New Business,2026-05-01,2027-05-01,Live,USD,1.27,9350,7362.2,0.2357,1735.27
BTD-2024-00157,Orrinshaw Media Group,Marcus Ridley,Cyber,Philippines,Asia Pacific,retail,,Renewal,2024-06-11,2025-06-11,Renewed,USD,1.27,16190,12748.03,0.143,1822.97
BTD-2025-00508,Ravensworth Trading,Sofia Almeida,Terrorism,Philippines,Asia Pacific,retail,,Renewal,2025-06-01,2027-06-01,Live,USD,1.27,44080,34708.66,0.1876,6511.34
BTD-2025-00597,Zenmoor Technologies,Marcus Ridley,Prof Indemnity,Australia,Asia Pacific,Wholesale,Norbury Risk Solutions,Renewal,2025-08-03,2026-08-03,Live,AUD,1.93,21170,10968.91,0.0778,853.38
BTD-2025-00502,Wrayburn Motors,Marcus Ridley,D&O,Germany,Europe,Retail,,Renewal,2025-05-20,2026-05-20,Renewed,EUR,1.17,41340,35333.33,0.1592,5625.07
BTD-2024-00095,Winterbourne Labs,Sofia Almeida,Product Recall,United Kingdom,UK & Ireland,Retail,,Renewal,2024-03-01,2026-03-01,Expired,GBP,1.0,49100,49100.0,0.1735,8518.85
BTD-2025-00379,Strathallan Whisky Co,Priya Nandakumar,Fixated Threat,United Kingdom,UK & Ireland,Wholesale,Grindley Risk Services,New Business,2025-01-01,2026-01-01,Renewed,GBP,1.0,5600,5600.0,0.1447,810.32
BTD-2025-00658,Applecross Distilling,Sofia Almeida,Political Violence,United Kingdom,UK & Ireland,Retail,,Renewal,2025-10-18,2026-10-18,Live,GBP,1.0,37110,37110.0,0.1981,7351.49
BTD-2026-00857,Sandringham Bio,Sofia Almeida,Terrorism,Nigeria,Middle East & Africa,Retail,,Renewal,2026-04-02,2027-04-02,Live,USD,1.27,43770,34464.57,0.1994,6872.23
BTD-2024-00059,Shawbury Aerospace,Sofia Almeida,Active Assailant,UK,UK & Ireland,Retail,,New Business,2024-02-11,2025-02-11,Renewed,GBP,1.0,12590,12590.0,0.209,2631.31
BTD-2026-00846,Thornbury Aid Foundation,Marcus Ridley,Liability,United Kingdom,UK & Ireland,Wholesale,Eastgate Commercial Risks,Renewal,2026-03-03,2027-03-03,Live,GBP,1.0,9040,9040.0,0.0926,837.1
BTD-2024-00311,Ravensworth Trading,Priya Nandakumar,Personal Accident,Netherlands,Europe,Retail,,New Business,2024-12-15,2025-12-15,Expired,EUR,1.17,3970,3393.16,0.2151,729.87
BTD-2026-00799,Applecross Distilling,Priya Nandakumar,Liability,Australia,Asia Pacific,Wholesale,Hollowell Brokers Ltd,Renewal,2026-02-01,2027-02-01,Live,AUD,1.93,20690,10720.21,0.0895,959.46
BTD-2025-00335,Ledbury Green Power,Marcus Ridley,D&O,United Kingdom,UK & Ireland,Wholesale,Fairweather & Co,Renewal,2025-01-25,2025-07-25,Renewed,GBP,1.0,12960,12960.0,0.088,1140.48
BTD-2025-00471,Oakhampton Retail Holdings,Tom Beckwith,Kidnap & Ransom,Brazil,Latin America,Retail,,Renewal,2025-04-26,2025-10-26,Renewed,USD,1.27,5170,4070.87,0.2606,1060.87
BTD-2024-00074,Marchwood Engineering,Sofia Almeida,Marine Cargo,Canada,North America,Retail,,New Business,2024-02-01,2024-08-01,Expired,CAD,1.72,6810,3959.3,0.1274,504.42
BTD-2025-00613,Strathallan Whisky Co,Eleanor Voss,Terrorism,United Kingdom,UK & Ireland,Retail,,New Business,2025-09-05,2026-09-05,Live,GBP,1.0,34660,34660.0,0.2036,7056.78
BTD-2024-00277,Brackenhill Logistics,Priya Nandakumar,Liability,Canada,North America,Retail,,New Business,01/10/2024,2025-10-01,Renewed,CAD,1.72,20390,11854.65,0.1729,2049.67
BTD-2025-00374,Garrowby Petroleum,Priya Nandakumar,Fixated Threat,Australia,Asia Pacific,Wholesale,Hollowell Brokers Ltd,New Business,2025-01-01,2026-01-01,Renewed,AUD,1.93,9440,4891.19,0.1337,653.95
BTD-2025-00443,Pillerton Pharma,Sofia Almeida,Marine Cargo,France,Europe,Retail,,New Business,2025-03-01,2026-03-01,Renewed,EUR,1.17,10460,8940.17,0.1211,1082.65
BTD-2025-00446,Vellacott Agritech,Eleanor Voss,Active Assailant,United Kingdom,UK & Ireland,Retail,,New Business,2025-04-09,2026-04-09,Renewed,GBP,1.0,12160,12160.0,0.2411,2931.78
BTD-2024-00046,Marchwood Engineering,Marcus Ridley,Terrorism,Colombia,Latin America,Retail,,New Business,2024-01-01,2025-01-01,Renewed,USD,1.27,16020,12614.17,0.201,2535.45
BTD-2026-00761,Ormsgill Cement,Marcus Ridley,D&O,United Kingdom,UK & Ireland,Wholesale,Fairweather & Co,Renewal,2026-01-04,2027-01-04,Live,GBP,1.0,9630,9630.0,0.0782,753.07
BTD-2026-00768,Bellhaven Foods Group,Priya Nandakumar,Liability,UK,UK & Ireland,Wholesale,Denholm Marsh Brokers,Renewal,2026-01-01,2028-01-01,Live,GBP,1.0,14950,14950.0,0.0918,1372.41
BTD-2025-00657,Garrowby Petroleum,Tom Beckwith,Professional Indemnity,Australia,Asia Pacific,retail,,Renewal,2025-10-28,2026-10-28,Live,AUD,1.93,17580,9108.81,0.1404,1278.88
BTD-2025-00386,Kestrel Field Services,Eleanor Voss,Political Violence,United Kingdom,UK & Ireland,Retail,,Renewal,2025-01-24,2026-01-24,Renewed,GBP,1.0,94140,94140.0,0.2087,19647.02
BTD-2026-00773,Brackenhill Logistics,Tom Beckwith,Terrorism,United Kingdom,UK & Ireland,Wholesale,Hollowell Brokers Ltd,New Business,2026-01-01,2027-01-01,Live,GBP,1.0,42140,42140.0,0.1036,4365.7
BTD-2024-00268,Ardenvale Mining Corporation,Tom Beckwith,Fixated Threat,United Kingdom,UK & Ireland,Retail,,Renewal,2024-10-01,2025-10-01,Renewed,GBP,1.0,4520,4520.0,0.2424,1095.65
BTD-2025-00624,Ledbury Green Power,Priya Nandakumar,Personal Accident,China,Asia Pacific,Retail,,New Business,2025-09-11,2026-09-11,Live,USD,1.27,7430,5850.39,0.2108,1233.26
BTD-2025-00618,Saltmarsh Infrastructure plc,Sofia Almeida,Personal Accident,Japan,Asia Pacific,Retail,,Renewal,2025-09-04,2026-09-04,Live,USD,1.27,41850,32952.76,0.1919,6323.63
BTD-2024-00303,Fordwich Legal Group,Marcus Ridley,D&O,Canada,North America,Wholesale,Calderstone Risk Partners,Renewal,2024-11-01,2025-11-01,Expired,CAD,1.72,23380,13593.02,0.0762,1035.79
BTD-2025-00563,Bramfield Chemicals,Priya Nandakumar,Political Violence,United Kingdom,UK & Ireland,Retail,,New Business,2025-07-01,2026-07-01,Live,GBP ,1.0,14760,14760.0,0.1924,2839.82
BTD-2026-00792,Ilverton Diagnostics,Marcus Ridley,Liability,United Kingdom,UK & Ireland,Wholesale,Ainsworth & Pike,New Business,2026-02-01,2026-08-01,Live,GBP,1.0,10110,10110.0,0.1008,1019.09
BTD-2024-00200,Sandringham Bio,Sofia Almeida,Marine Cargo,Canada,North America,Retail,,New Business,2024-07-01,2025-07-01,Expired,CAD,1.72,7130,4145.35,0.1337,554.23
BTD-2024-00247,Ilverton Diagnostics,Sofia Almeida,Terrorism,United Kingdom,UK & Ireland,Wholesale,Fairweather & Co,Renewal,2024-09-10,2025-09-10,Renewed,GBP,1.0,27360,27360.0,0.117,3201.12
BTD-2024-00064,Saltmarsh Infrastructure plc,Priya Nandakumar,Personal Accident,United Kingdom,UK & Ireland,Wholesale,Hollowell Brokers Ltd,New Business,2024-02-19,2025-02-19,Renewed,GBP,1.0,6490,6490.0,0.1165,756.08
BTD-2026-00926,Larkspur Hotels Group,Eleanor Voss,Political Violence,South Africa,Middle East & Africa,Retail,,Renewal,2026-06-01,2027-06-01,Live,ZAR,23.5,1030900,43868.09,0.2082,9133.34
BTD-2026-00879,Fennmoor Water Services,Callum Reid,Cyber,South Africa,Middle East & Africa,Retail,,New Business,2026-04-01,2027-04-01,Live,ZAR,23.5,218000,9276.6,0.148,1372.94
BTD-2026-00779,Hartsmere Aviation,Tom Beckwith,Terrorism,United Kingdom,UK & Ireland,Retail,,Renewal,2026-01-18,2026-07-18,Live,GBP,1.0,16720,16720.0,0.2048,3424.26
BTD-2025-00350,Blackwater Survey Co,Marcus Ridley,Professional Indemnity,Australia,Asia Pacific,Wholesale,Fairweather & Co,New Business,2025-01-25,2026-01-25,Renewed,AUD,1.93,33380,17295.34,0.0787,1361.14
BTD-2025-00333,Tregarthen Copper,Eleanor Voss,Terrorism,US,North America,Retail,,New Business,2025-01-01,2026-01-01,Expired,USD,1.27,12890,10149.61,0.2095,2126.34
BTD-2025-00607,Glenmarch Textiles,Tom Beckwith,Terrorism,USA,North America,Wholesale,Ainsworth & Pike,New Business,2025-08-03,2026-08-03,Live,USD,1.27,71840,56566.93,0.1056,5973.47
BTD-2026-00899,Bramfield Chemicals,Callum Reid,Marine Cargo,Australia,Asia Pacific,Wholesale,Kilbride Risk Advisers,Renewal,2026-05-01,2027-05-01,Live,AUD,1.93,3600,1865.28,0.0716,133.55
BTD-2026-00814,Inglefield Robotics,Sofia Almeida,D&O,Greece,Europe,Wholesale,Lansdowne Brokers Group,Renewal,2026-02-02,2027-02-02,Live,EUR,1.17,12890,11017.09,0.0831,915.52
BTD-2025-00535,Corrieburn Energy,Tom Beckwith,Liability,Colombia,Latin America,Wholesale,Eastgate Commercial Risks,Renewal,2025-07-01,2026-07-01,Live,USD,1.27,18600,14645.67,0.0994,1455.78
BTD-2025-00664,Bramfield Chemicals,Marcus Ridley,Cyber,Canada,North America,Retail,,New Business,2025-10-15,2026-10-15,Live,CAD,1.72,15130,8796.51,0.1493,1313.32
BTD-2025-00427,Wrayburn Motors,Priya Nandakumar,Personal Accident,Guernsey,UK & Ireland,Retail,,New Business,01/03/2025,2026-03-01,Renewed,GBP,1.0,3180,3180.0,0.196,623.28
BTD-2026-00753,Carrowmore Shipping,Sofia Almeida,Terrorism,Netherlands,Europe,Retail,,New Business,2026-01-20,2027-01-20,Live,EUR,1.17,37020,31641.03,0.1962,6207.97
BTD-2025-00403,Harrowgate Resources Group,Eleanor Voss,Terrorism,Germany,Europe,Retail,,New Business,17/02/2025,2026-02-17,Renewed,EUR,1.17,72270,61769.23,0.1874,11575.55
BTD-2025-00653,Melbray Renewables,Marcus Ridley,Marine Cargo,United Kingdom,UK & Ireland,Wholesale,Barrenger Insurance Brokers,New Business,2025-10-04,2026-10-04,Live,GBP,1.0,9110,9110.0,0.0669,609.46
BTD-2025-00358,Cleveland Row Partners,Marcus Ridley,Cyber,Ukraine,Europe,Wholesale,Eastgate Commercial Risks,New Business,2025-01-05,2026-01-05,Renewed,USD,1.27,16560,13039.37,0.0811,1057.49
BTD-2026-00735,Bramfield Chemicals,Eleanor Voss,D&O,Canada,North America,Retail,,Renewal,2026-01-01,2027-01-01,Live,CAD,1.72,39380,22895.35,0.1507,3450.33
BTD-2025-00450,Northgate Pharmaceuticals,Eleanor Voss,D&O,Canada,North America,Retail,,Renewal,2025-04-01,2026-04-01,Renewed,CAD,1.72,98380,57197.67,0.1447,8276.5
BTD-2025-00648,Ormsgill Cement,Priya Nandakumar,Marine Cargo,Canada,North America,Wholesale,Ainsworth & Pike,New Business,2025-10-07,2026-10-07,Live,CAD,1.72,11880,6906.98,0.0696,480.73
BTD-2024-00218,Langmere Telecom,Sofia Almeida,Product Recall,China,Asia Pacific,Wholesale,Jardine Wray Partners,Renewal,2024-07-28,2025-07-28,Renewed,USD,1.27,50700,39921.26,0.0958,3824.46
BTD-2024-00241,Ardenvale Mining Corporation,Tom Beckwith,Terrorism,Canada,North America,Retail,,Renewal,2024-09-01,2025-09-01,Renewed,CAD,1.72,165900,96453.49,0.2115,20399.91
BTD-2025-00694,Carrowmore Shipping,Sofia Almeida,Product Recall,Singapore,Asia Pacific,Retail,,New Business,2025-11-26,2026-11-26,Live,USD,1.27,25870,20370.08,0.177,3605.5
BTD-2026-00790,Northgate Pharmaceuticals,Eleanor Voss,Terrorism,United Kingdom,UK & Ireland,Retail,,Renewal,2026-01-01,2027-01-01,Live,GBP,1.0,65050,65050.0,0.1954,12710.77
BTD-2024-00215,Harrowgate Resources Group,Marcus Ridley,Professional Indemnity,Iraq,Middle East & Africa,Wholesale,Norbury Risk Solutions,New Business,2024-07-01,2025-07-01,Renewed,USD,1.27,25100,19763.78,0.0885,1749.09
BTD-2025-00442,Wardlow Precision,Sofia Almeida,Prof Indemnity,Canada,North America,Retail,,New Business,2025-03-26,2025-09-26,Renewed,CAD,1.72,23070,13412.79,0.1603,2150.07
BTD-2024-00214,Pentreath Marine,Priya Nandakumar,Terrorism,UK,UK & Ireland,Wholesale,Kilbride Risk Advisers,New Business,2024-07-01,2025-07-01,Renewed,GBP,1.0,18660,18660.0,0.1079,2013.41
BTD-2025-00344,Ormsgill Cement,Sofia Almeida,Marine Cargo,Germany,Europe,Wholesale,Calderstone Risk Partners,New Business,2025-01-01,2026-01-01,Renewed,EUR,1.17,10200,8717.95,0.0635,553.59
BTD-2025-00382,Pentreath Marine,Sofia Almeida,Marine Cargo,Spain,Europe,Retail,,Renewal,2025-01-01,2025-07-01,Renewed,EUR,1.17,4250,3632.48,0.1232,447.52
BTD-2024-00133,Winterbourne Labs,Eleanor  Voss,Terrorism,Canada,North America,Retail,,New Business,2024-05-01,2025-05-01,Renewed,CAD,1.72,26000,15116.28,0.2122,3207.67
BTD-2025-00582,Grantley Sports Holdings,Eleanor Voss,Active Assailant,UK,UK & Ireland,Wholesale,Eastgate Commercial Risks,New Business,2025-07-01,2026-07-01,Live,GBP,1.0,9940,9940.0,0.1304,1296.18
BTD-2024-00251,Saltmarsh Infrastructure plc,Sofia Almeida,Political Violence,China,Asia Pacific,Retail,,New Business,2024-09-10,2025-03-10,Expired,USD,1.27,28970,22811.02,0.2112,4817.69
BTD-2025-00662,Kilnbrook Automotive,Eleanor Voss,Liability,Iraq,Middle East & Africa,Retail,,Renewal,2025-10-01,2026-10-01,Live,USD,1.27,6910,5440.94,0.178,968.49
BTD-2024-00274,Meridian Vale Energy,Eleanor Voss,Liability,Malaysia,Asia Pacific,Retail,,Renewal,2024-10-01,2025-10-01,Expired,usd,1.27,22780,17937.01,0.1871,3356.01
BTD-2024-00072,Ormsgill Cement,Eleanor Voss,Terrorism,Canada,North America,Wholesale ,Ollerton & Hale,New Business,2024-02-15,2025-02-15,Expired,CAD,1.72,30410,17680.23,0.1138,2012.01
BTD-2024-00287,Caldwell Maritime Holdings,Priya Nandakumar,Personal Accident,Australia,Asia Pacific,Wholesale,Kilbride Risk Advisers,New Business,2024-10-04,2025-10-04,Renewed,AUD,1.93,28930,14989.64,0.1038,1555.92
BTD-2025-00463,Nethercott Foods,Eleanor Voss,Product Recall,Israel,Middle East & Africa,Wholesale,Lansdowne Brokers Group,New Business,2025-04-19,2026-04-19,Renewed,USD,1.27,16480,12976.38,0.0901,1169.17
BTD-2024-00110,Meridian Vale Energy,Tom Beckwith,D&O,United Kingdom,UK & Ireland,Retail,,New Business,2024-04-11,2025-04-11,Renewed,GBP,1.0,17500,17500.0,0.1511,2644.25
BTD-2026-00922,Caldwell Maritime Holdings,Eleanor Voss,Political Violence,United Arab Emirates,Middle East & Africa,Retail,,Renewal,2026-06-01,2026-12-01,Live,USD,1.27,70050,55157.48,0.2091,11533.43
BTD-2025-00688,Pillerton Pharma,Tom Beckwith,Cyber,United Kingdom,UK & Ireland,Wholesale ,Eastgate Commercial Risks,New Business,2025-11-12,2026-11-12,Live,GBP,1.0,6270,6270.0,0.0786,492.82
BTD-2025-00336,Kilnbrook Automotive,Tom Beckwith,Fixated Threat,UK,UK & Ireland,Wholesale,Ainsworth & Pike,Renewal,2025-01-01,2025-07-01,Renewed,GBP,1.0,1660,1660.0,0.1281,212.65
BTD-2025-00594,Alderney Freight Ltd,Tom Beckwith,Active Assailant,France,Europe,Wholesale,Lansdowne Brokers Group,Renewal,2025-08-02,2026-08-02,Live,EUR,1.17,4540,3880.34,0.1268,492.03
BTD-2026-00783,Zenmoor Technologies,Marcus Ridley,D&O,Colombia,Latin America,Retail,,New Business,2026-01-01,2028-01-01,Live,USD,1.27,35060,27606.3,0.1513,4176.83
BTD-2025-00415,Draycote Systems,Priya Nandakumar,Terrorism,United States,North America,Wholesale,Merrivale Insurance Partners,New Business,2025-02-01,2026-02-01,Renewed,USD,1.27,28510,"22,448.82",0.116,"2,604.06"
BTD-2025-00581,Tarnbeck Utilities,Marcus Ridley,Active Assailant,Singapore,Asia Pacific,Retail,,Renewal,2025-07-09,2026-07-09,Live,USD,1.27,12490,9834.65,0.2344,2305.24
BTD-2025-00610,Glenmarch Textiles,Priya Nandakumar,Personal Accident,United Kingdom,UK & Ireland,Wholesale,Ainsworth & Pike,Renewal,2025-09-01,2026-09-01,Live,GBP,1.0,13950,13950.0,0.1061,1480.1
BTD-2024-00286,Marchwood Engineering,Marcus Ridley,Active Assailant,United Kingdom,UK & Ireland,Wholesale,Ollerton & Hale,Renewal,14/10/2024,2025-10-14,Renewed,GBP,1.0,7110,7110.0,0.1306,928.57
BTD-2026-00794,Harrowgate Resources Group,Priya Nandakumar,Personal Accident,Guernsey,UK & Ireland,Wholesale,Ollerton & Hale,Renewal,2026-02-12,2027-02-12,Live,GBP,1.0,7550,7550.0,0.1108,836.54
BTD-2024-00010,Vellacott Agritech,Marcus Ridley,D&O,United Kingdom,UK & Ireland,Wholesale,Norbury Risk Solutions,Renewal,2024-01-01,2025-01-01,Renewed,GBP ,1.0,6890,6890.0,0.0882,607.7
BTD-2024-00233,Strathallan Whisky Co,Priya Nandakumar,Personal Accident,Israel,Middle East & Africa,Wholesale ,Lansdowne Brokers Group,New Business,2024-08-12,2025-08-12,Renewed,USD,1.27,2000,1574.8,0.1069,168.35
BTD-2025-00359,Quenby Insurance Services,Sofia Almeida,Terrorism,Israel,Middle East & Africa,Retail,,Renewal,2025-01-25,2026-01-25,Renewed,USD,1.27,16390,12905.51,0.2001,2582.39
BTD-2025-00679,Barrowfield Housing,Eleanor Voss,Active Assailant,UK,UK & Ireland,Retail,,Renewal,2025-11-26,2026-11-26,Live,GBP,1.0,5820,5820.0,0.209,1216.38
BTD-2026-00829,Whitmoor Recycling,Eleanor Voss,Terrorism,United Kingdom,UK & Ireland,Retail,,New Business,2026-03-01,2026-09-01,Live,GBP,1.0,37320,37320.0,0.1889,7049.75
BTD-2024-00184,Havelock Steel,Priya Nandakumar,Fixated Threat,Guernsey,UK & Ireland,Retail,,Renewal,2024-07-12,2025-07-12,Renewed,GBP,1.0,2960,2960.0,0.2662,787.95
BTD-2026-00918,Wardlow Precision,Priya Nandakumar,Liability,United States,North America,Wholesale,Ainsworth & Pike,New Business,2026-05-10,2027-05-10,Live,USD,1.27,22860,18000.0,0.1006,1810.8
BTD-2025-00488,Carrowmore Shipping,Priya Nandakumar,Liability,Philippines,Asia Pacific,Retail,,Renewal,2025-05-01,2026-05-01,Renewed,usd,1.27,7320,5763.78,0.1837,1058.81
BTD-2024-00075,Fairholme Capital Partners,Tom Beckwith,Active Assailant,United Kingdom,UK & Ireland,Wholesale,Calderstone Risk Partners,New Business,2024-02-01,2025-02-01,Renewed,GBP,1.0,10210,10210.0,0.1309,1336.49
BTD-2025-00579,Silverdale Data Centres,Eleanor Voss,Terrorism,United States,North America,Wholesale,Denholm Marsh Brokers,New Business,2025-07-26,2026-01-26,Renewed,USD,1.27,27050,"21,299.21",0.1092,"2,325.87"
BTD-2025-00513,Kestrel Field Services,Tom Beckwith,Terrorism,United Kingdom,UK & Ireland,Wholesale,Barrenger Insurance Brokers,Renewal,2025-06-01,2026-06-01,Renewed,GBP,1.0,20890,20890.0,0.117,2444.13
BTD-2025-00708,Alderney Freight Ltd,Tom Beckwith,Active Assailant,Netherlands,Europe,Wholesale,Norbury Risk Solutions,New Business,2025-12-25,2026-12-25,Live,EUR,1.17,6320,5401.71,0.1224,661.17
BTD-2025-00425,Harrowgate Resources Group,Marcus Ridley,Liability,United Kingdom,UK & Ireland,Retail,,Renewal,2025-03-15,2026-03-15,Renewed,GBP,1.0,20680,20680.0,0.1874,3875.43
BTD-2026-00900,Vellacott Agritech,Priya Nandakumar,Personal Accident,Germany,Europe,Retail,,New Business,2026-05-01,2027-05-01,Live,EUR,1.17,8520,7282.05,0.1857,1352.28
BTD-2025-00481,Caldwell Maritime Holdings,Priya Nandakumar,Liability,United Kingdom,UK & Ireland,Wholesale,Eastgate Commercial Risks,Renewal,2025-04-12,2026-04-12,Renewed,GBP,1.0,4470,4470.0,0.0989,442.08
BTD-2025-00642,Underhill Logistics,Callum Reid,Personal Accident,United Kingdom,UK & Ireland,Wholesale,Jardine Wray Partners,Renewal,2025-10-08,2026-10-08,Live,GBP,1.0,19780,19780.0,0.1021,2019.54
BTD-2024-00263,Fennmoor Water Services,Marcus Ridley,Professional Indemnity,United Kingdom,UK & Ireland,Wholesale,Barrenger Insurance Brokers,Renewal,2024-10-05,2025-10-05,Renewed,GBP,1.0,10080,10080.0,0.0866,872.93
BTD-2025-00638,Blackwater Survey Co,Eleanor Voss,Political Violence,Cyprus,Europe,Wholesale,Norbury Risk Solutions,Renewal,2025-10-24,2026-10-24,Live,EUR,1.17,19140,16358.97,0.1041,1702.97
BTD-2025-00593,Carrowmore Shipping,Sofia Almeida,Terrorism,Netherlands,Europe,Retail,,New Business,2025-08-13,2026-08-13,Live,EUR,1.17,36350,31068.38,0.1963,6098.72
BTD-2025-00449,Harrowgate Resources Group,Tom Beckwith,Active Assailant,Israel,Middle East & Africa,Wholesale,Ivory Lane Insurance,New Business,2025-04-01,2026-04-01,Renewed,USD,1.27,60630,47740.16,0.1296,6187.12
BTD-2026-00746,Eastcliffe Publishing,Tom Beckwith,Kidnap & Ransom,Nigeria,Middle East & Africa,Wholesale,Calderstone Risk Partners,Renewal,01/01/2026,2028-01-01,Live,USD,1.27,6670,5251.97,0.138,724.77
BTD-2024-00180,Eastcliffe Publishing,Sofia Almeida,Professional Indemnity,Nigeria,Middle East & Africa,Wholesale,Eastgate Commercial Risks,Renewal,2024-07-01,2025-07-01,Renewed,USD,1.27,12560,9889.76,0.088,870.3
BTD-2024-00300,Pillerton Pharma,Eleanor Voss,Terrorism,UK,UK & Ireland,Retail,,New Business,2024-11-12,2025-11-12,Expired,GBP,1.0,15310,15310.0,0.1985,3039.04
BTD-2024-00042,Thurloe Investments,Marcus Ridley,Cyber,Canada,North America,Retail,,New Business,2024-01-11,2025-01-11,Renewed,CAD,1.72,18150,10552.33,0.1564,1650.38
BTD-2025-00622,Caldwell Maritime Holdings,E Voss,Fixated Threat,Kenya,Middle East & Africa,Retail,,Renewal,2025-09-09,2026-09-09,Live,USD,1.27,4860,3826.77,0.2699,1032.85
BTD-2024-00194,Salterton Electronics,Sofia Almeida,Product Recall,Hong Kong,Asia Pacific,Wholesale,Lansdowne Brokers Group,Renewal,2024-07-14,2025-07-14,Renewed,USD,1.27,42800,33700.79,0.0962,3242.02
BTD-2024-00237,Redcastle Minerals,Priya Nandakumar,Fixated Threat,United Kingdom,UK & Ireland,Wholesale,Norbury Risk Solutions,New Business,2024-09-01,2026-09-01,Live,GBP ,1.0,1710,1710.0,0.1365,233.42
BTD-2024-00149,Kestrel Field Services,Eleanor Voss,Active Assailant,Kenya,Middle East & Africa,Wholesale,Hollowell Brokers Ltd,New Business,23/05/2024,2026-05-23,Renewed,USD,1.27,65050,51220.47,0.1275,6530.61
BTD-2024-00211,Fordwich Legal Group,Tom Beckwith,D&O,Saudi Arabia,Middle East & Africa,Retail,,New Business,2024-07-27,2025-07-27,Renewed,USD,1.27,23580,18566.93,0.1598,2967.0
BTD-2026-00804,Kestrel Field Services,Marcus Ridley,Professional Indemnity,Canada,North America,Wholesale,Jardine Wray Partners,Renewal,2026-02-24,2027-02-24,Live,CAD,1.72,18240,10604.65,0.0763,809.13
BTD-2026-00894,Oakhampton Retail Holdings,Sofia Almeida,Product Recall,Australia,Asia Pacific,Wholesale,Ollerton & Hale,New Business,2026-05-26,2027-05-26,Live,AUD,1.93,113000,58549.22,0.0952,5573.89
BTD-2025-00532,Dunmarrow Agriculture,Sofia Almeida,Product Recall,United Arab Emirates,Middle East & Africa,Retail,,New Business,2025-06-03,2026-06-03,Renewed,USD,1.27,71910,56622.05,0.1673,9472.87
BTD-2026-00906,Glenmarch Textiles,Eleanor  Voss,Kidnap & Ransom,United Kingdom,UK & Ireland,Retail,,Renewal,2026-05-05,2026-11-05,Live,GBP,1.0,15540,15540.0,0.2475,3846.15
BTD-2025-00380,Bramfield Chemicals,Priya Nandakumar,Marine Cargo,United Arab Emirates,Middle East & Africa,retail,,Renewal,2025-01-13,2026-01-13,Renewed,USD,1.27,13140,10346.46,0.1277,1321.24
BTD-2024-00305,Tregarthen Copper,marcus ridley,Cyber,Guernsey,UK & Ireland,Wholesale,Grindley Risk Services,New Business,2024-11-15,2025-11-15,Renewed,GBP,1.0,16410,16410.0,0.0861,1412.9
BTD-2026-00826,Harrowgate Resources Group,Tom Beckwith,Political Violence,United Kingdom,UK & Ireland,Wholesale,Barrenger Insurance Brokers,Renewal,2026-03-01,2027-03-01,Live,GBP,1.0,53510,53510.0,0.1154,6175.05
BTD-2026-00850,Strathallan Whisky Co,Sofia Almeida,Marine Cargo,Philippines,Asia Pacific,Wholesale,Merrivale Insurance Partners,Renewal,2026-04-15,2027-04-15,Live,USD,1.27,2900,2283.46,0.0663,151.39
BTD-2025-00654,Ledbury Green Power,Priya Nandakumar,Personal Accident,Mexico,Latin America,Retail,,New Business,2025-10-01,2026-04-01,Renewed,USD,1.27,4020,3165.35,0.2056,650.8
BTD-2026-00867,Ardenvale Mining Corporation,Marcus Ridley,Prof Indemnity,United Kingdom,UK & Ireland,Wholesale,Fairweather & Co,New Business,2026-04-20,2027-04-20,Live,GBP,1.0,9420,9420.0,0.0797,750.77
BTD-2025-00655,Ravensworth Trading,Tom Beckwith,Political Violence,United Kingdom,UK & Ireland,Wholesale,Fairweather & Co,Renewal,2025-10-01,2026-10-01,Live,GBP,1.0,40940,40940.0,0.1125,4605.75
BTD-2025-00514,Rothersay Shipping Lines,Tom Beckwith,Active Assailant,Kenya,Middle East & Africa,Retail,,New Business,01/06/2025,2026-06-01,Renewed,USD,1.27,35940,28299.21,0.2212,6259.79
BTD-2025-00599,Kelsterne Beverages,Eleanor Voss,Terrorism,United Kingdom,UK & Ireland,Wholesale,Lansdowne Brokers Group,Renewal,2025-08-01,2026-08-01,Live,GBP,1.0,35130,35130.0,0.1073,3769.45
BTD-2025-00383,Blackwater Survey Co,Marcus Ridley,Liability,Cyprus,Europe,Wholesale,Kilbride Risk Advisers,New Business,2025-01-01,2026-01-01,Renewed,EUR,1.17,13210,11290.6,0.0998,1126.8
BTD-2024-00219,Larkspur Hotels Group,Tom Beckwith,Kidnap and Ransom,Australia,Asia Pacific,Retail,,New Business,2024-07-01,2025-07-01,Renewed,AUD,1.93,6080,3150.26,0.2425,763.94
BTD-2024-00232,Pentreath Marine,Priya Nandakumar,Prof Indemnity,United States,North America,Retail,,New Business,2024-08-25,2025-08-25,Renewed,USD,1.27,4410,3472.44,0.1449,503.16
BTD-2025-00407,Northgate Pharmaceuticals,Tom Beckwith,Active Assailant,United Kingdom,UK & Ireland,Retail,,New Business,2025-02-01,2025-08-01,Renewed,GBP ,1.0,21850,21850.0,0.2215,4839.77
BTD-2026-00806,Corrieburn Energy,Eleanor Voss,Active Assailant,United Kingdom,UK & Ireland,Wholesale,Hollowell Brokers Ltd,Renewal,2026-02-01,2027-02-01,Live,GBP,1.0,17460,17460.0,0.1283,2240.12
BTD-2024-00043,Marchwood Engineering,Sofia Almeida,Terrorism,South Africa,Middle East & Africa,Wholesale,Norbury Risk Solutions,New Business,2024-01-28,2025-01-28,Expired,ZAR,23.5,368900,-15697.87,0.1144,-1795.84
BTD-2025-00432,Fairholme Capital Partners,Eleanor Voss,Kidnap & Ransom,United Kingdom,UK & Ireland,Wholesale,Barrenger Insurance Brokers,Renewal,2025-03-01,2026-03-01,Renewed,GBP,1.0,6780,6780.0,0.1361,922.76
BTD-2024-00079,Marchwood Engineering,Eleanor Voss,Active Assailant,France,Europe,Retail,,New Business,2024-03-26,2025-03-26,Renewed,EUR,1.17,7610,6504.27,0.2207,1435.49
BTD-2024-00136,Grantley Sports Holdings,Marcus Ridley,Liability,United Kingdom,UK & Ireland,Wholesale,Hollowell Brokers Ltd,New Business,2024-05-03,2025-05-03,Expired,GBP ,1.0,19120,19120.0,0.0991,1894.79
BTD-2025-00635,Harrowgate Resources Group,Tom Beckwith,Kidnap & Ransom,United Kingdom,UK & Ireland,Wholesale,Ainsworth & Pike,Renewal,2025-10-26,2026-04-26,Expired,GBP,1.0,5840,5840.0,0.1281,748.1
BTD-2026-00933,Silverdale Data Centres,Sofia Almeida,Professional Indemnity,Kenya,Middle East & Africa,Retail,,Renewal,2026-06-01,2027-06-01,Live,USD,1.27,29100,22913.39,0.1433,3283.49
BTD-2026-00721,Saltmarsh Infrastructure plc,Marcus Ridley,Liability,Canada,North America,Wholesale,Calderstone Risk Partners,Renewal,2026-01-01,2027-01-01,Live,CAD,1.72,71830,41761.63,0.0923,3854.6
BTD-2025-00558,Merrowdale Timber,Sofia Almeida,Political Violence,Malaysia,Asia Pacific,Wholesale,Ivory Lane Insurance,New Business,2025-07-01,2026-07-01,Live,USD,1.27,42660,33590.55,0.1056,3547.16
BTD-2024-00125,Willowbrook Care Group,Marcus Ridley,Professional Indemnity,Canada,North America,Wholesale ,Barrenger Insurance Brokers,New Business,2024-04-15,2025-04-15,Renewed,CAD,1.72,20910,12156.98,0.0781,949.46
BTD-2025-00559,Halloway Security Group,Marcus Ridley,Professional Indemnity,Israel,Middle East & Africa,Retail,,Renewal,2025-07-14,2026-07-14,Live,USD,1.27,22480,17700.79,0.16,2832.13
BTD-2025-00623,Underhill Logistics,Marcus Ridley,Cyber,USA,North America,Retail,,New Business,2025-09-12,2026-09-12,Live,USD,1.27,9350,7362.2,0.1479,1088.87
BTD-2024-00069,Fordwich Legal Group,Eleanor Voss,Political Violence,United Kingdom,UK & Ireland,Wholesale,Grindley Risk Services,New Business,2024-02-01,2025-02-01,Expired,GBP,1.0,63710,63710.0,0.1163,7409.47
BTD-2026-00764,Thornbury Aid Foundation,Eleanor Voss,Terrorism,United Kingdom,UK & Ireland,Wholesale,Fairweather & Co,New Business,2026-01-14,2027-01-14,Live,GBP,1.0,33110,33110.0,0.112,3708.32
BTD-2025-00462,Orrinshaw Media Group,Eleanor Voss,Political Violence,United Kingdom,UK & Ireland,Retail,,New Business,2025-04-01,2025-10-01,Renewed,GBP,1.0,65690,65690.0,0.2026,13308.79
BTD-2024-00011,Northgate Pharmaceuticals,Marcus Ridley,Prof Indemnity,United Kingdom,UK & Ireland,Wholesale,Ollerton & Hale,New Business,2024-01-01,2025-01-01,Renewed,GBP,1.0,21580,21580.0,0.0796,1717.77
BTD-2024-00062,Barrowfield Housing,Sofia Almeida,Product Recall,Italy,Europe,retail,,New Business,2024-02-01,2025-02-01,Renewed,EUR,1.17,36370,31085.47,0.1837,5710.4
BTD-2024-00234,Ledbury Green Power,Priya Nandakumar,Marine Cargo,Nigeria,Middle East & Africa,Retail,,Renewal,2024-08-01,2025-08-01,Renewed,USD,1.27,2290,1803.15,0.1265,228.1
BTD-2025-00692,Grantley Sports Holdings,Callum Reid,Active Assailant,Malaysia,Asia Pacific,Wholesale,Ainsworth & Pike,Renewal,2025-11-01,2027-11-01,Live,USD,1.27,8580,6755.91,0.1265,854.62
BTD-2024-00107,Coldharbour Estates,Sofia Almeida,Product Recall,Saudi Arabia,Middle East & Africa,Wholesale,Ivory Lane Insurance,New Business,2024-04-01,2025-04-01,Renewed,USD,1.27,96550,76023.62,0.0969,7366.69
BTD-2025-00671,Fairholme Capital Partners,Priya Nandakumar,Fixated Threat,Greece,Europe,Wholesale,Grindley Risk Services,Renewal,2025-11-19,2026-11-19,Live,EUR,1.17,1930,1649.57,0.1371,226.16
BTD-2024-00228,Willowbrook Care Group,Priya Nandakumar,Fixated Threat,United States,North America,Wholesale,Kilbride Risk Advisers,Renewal,2024-08-01,2025-08-01,Expired,USD,1.27,1150,905.51,0.1313,118.89
BTD-2025-00430,Silverdale Data Centres,Tom Beckwith,Active Assailant,United Kingdom,UK & Ireland,Retail,,Renewal,2025-03-01,2026-03-01,Renewed,GBP ,1.0,6080,6080.0,0.2384,1449.47
BTD-2024-00013,Bramfield Chemicals,Marcus Ridley,Professional Indemnity,UK,UK & Ireland,Wholesale,Jardine Wray Partners,New Business,2024-01-01,2025-01-01,Renewed,GBP,1.0,5220,5220.0,0.0805,420.21
BTD-2024-00002,Merrowdale Timber,Marcus Ridley,Professional Indemnity,United Kingdom,UK & Ireland,Wholesale,Ainsworth & Pike,New Business,25/01/2024,2025-01-25,Expired,GBP,1.0,6310,6310.0,0.0886,559.07
BTD-2024-00037,Draycote Systems,Marcus Ridley,Liability,Canada,North America,Wholesale,Ainsworth & Pike,New Business,2024-01-01,2025-01-01,Renewed,CAD,1.72,27520,16000.0,0.1008,1612.8
BTD-2025-00700,Brackenhill Logistics,Eleanor  Voss,Political Violence,Canada,North America,Wholesale,Calderstone Risk Partners,New Business,2025-12-22,2026-12-22,Live,CAD,1.72,118500,68895.35,0.1034,7123.78
BTD-2026-00864,Harrowgate Resources Group,Sofia Almeida,Terrorism,Kenya,Middle East & Africa,Retail,,Renewal,2026-04-08,2027-04-08,Live,USD,1.27,56480,44472.44,0.2034,9045.69
BTD-2024-00299,Ashcombe Analytics,Priya Nandakumar,Marine Cargo,Australia,Asia Pacific,Retail,,New Business,2024-11-20,2025-11-20,Renewed,AUD,1.93,5390,2792.75,0.1342,374.79
BTD-2026-00828,Harrowgate Resources Group,Priya Nandakumar,Cyber,Germany,Europe,Retail,,New Business,2026-03-04,2026-09-04,Live,EUR,1.17,19680,16820.51,0.1396,2348.14
BTD-2024-00167,Tarnbeck Utilities,Sofia Almeida,Terrorism,Japan,Asia Pacific,Retail,,New Business,2024-06-01,2026-06-01,Renewed,USD,1.27,23930,18842.52,0.1846,3478.33
BTD-2025-00714,Thornbury Aid Foundation,Tom Beckwith,Terrorism,United Kingdom,UK & Ireland,Retail,,Renewal,2025-12-08,2026-12-08,Live,GBP,1.0,20340,20340.0,0.2098,4267.33
BTD-2025-00715,Kestrel Field Services,Marcus Ridley,Political Violence,Singapore,Asia Pacific,Wholesale,Calderstone Risk Partners,Renewal,2025-12-01,2026-12-01,Live,USD,1.27,58960,46425.2,0.1083,5027.85
BTD-2024-00259,Caldwell Maritime Holdings,Tom Beckwith,Active Assailant,China,Asia Pacific,Retail,,New Business,2024-09-01,2025-09-01,Renewed,usd,1.27,17430,13724.41,0.2223,3050.94
BTD-2024-00246,Willowbrook Care Group,Eleanor Voss,Active Assailant,United States,North America,Retail,,New Business,2024-09-04,2025-09-04,Expired,USD,1.27,6700,5275.59,0.234,1234.49
BTD-2025-00329,Northgate Pharmaceuticals,Eleanor Voss,Kidnap & Ransom,Australia,Asia Pacific,Retail,,Renewal,2025-01-05,2026-01-05,Renewed,AUD,1.93,43660,22621.76,0.2458,5560.43
BTD-2025-00420,Barrowfield Housing,Tom Beckwith,Terrorism,Australia,Asia Pacific,Retail,,Renewal,2025-03-03,2026-03-03,Expired,AUD,1.93,37530,19445.6,0.2032,3951.35
BTD-2026-00719,Willowbrook Care Group,Priya Nandakumar,Personal Accident,Spain,Europe,Wholesale,Calderstone Risk Partners,Renewal,2026-01-22,2027-01-22,Live,EUR,1.17,5690,4863.25,0.1022,497.02
BTD-2026-00851,Shawbury Aerospace,Marcus Ridley,Liability,United Kingdom,UK & Ireland,Wholesale,Calderstone Risk Partners,Renewal,2026-04-01,2027-04-01,Live,GBP,1.0,17850,17850.0,0.0978,1745.73
BTD-2024-00005,Meridian Vale Energy,Marcus Ridley,Professional Indemnity,Canada,North America,Wholesale,Grindley Risk Services,New Business,2024-01-06,2025-01-06,Renewed,CAD,1.72,31360,18232.56,0.0797,1453.13
BTD-2025-00490,Brackenhill Logistics,Sofia Almeida,Marine Cargo,Malaysia,Asia Pacific,Wholesale ,Merrivale Insurance Partners,New Business,2025-05-02,2026-05-02,Expired,USD,1.27,10130,7976.38,0.0713,568.72
BTD-2026-00924,Pillerton Pharma,Eleanor Voss,Political Violence,UK,UK & Ireland,Retail,,Renewal,2026-06-01,2027-06-01,Live,GBP,1.0,33870,33870.0,0.1941,6574.17
BTD-2024-00117,Orrinshaw Media Group,Marcus Ridley,Professional Indemnity,Greece,Europe,Wholesale,Barrenger Insurance Brokers,New Business,2024-04-13,2024-10-13,Expired,EUR,1.17,11880,10153.85,0.0821,833.63
BTD-2025-00576,Eastcliffe Publishing,Priya Nandakumar,Marine Cargo,Canada,North America,Retail,,New Business,2025-07-12,2026-07-12,Live,CAD,1.72,5420,3151.16,0.1161,365.85
BTD-2024-00103,Stonegrave Construction,Marcus Ridley,Liability,United Kingdom,UK & Ireland,Wholesale,Ivory Lane Insurance,New Business,2024-04-13,2025-04-13,Renewed,GBP,1.0,24020,24020.0,0.1032,2478.86
BTD-2026-00919,Silverdale Data Centres,Tom Beckwith,Kidnap & Ransom,Canada,North America,Wholesale,Lansdowne Brokers Group,New Business,2026-05-17,2027-05-17,Live,CAD,1.72,19920,11581.4,0.1328,1538.01
BTD-2026-00902,Blackwater Survey Co,Sofia Almeida,Product Recall,Germany,Europe,Wholesale,Jardine Wray Partners,New Business,2026-05-21,2027-05-21,Live,EUR,1.17,26590,22726.5,0.0891,2024.93
BTD-2024-00292,Carrowmore Shipping,Sofia Almeida,Product Recall,United Kingdom,UK & Ireland,Wholesale,Ivory Lane Insurance,New Business,2024-11-01,2025-11-01,Renewed,GBP,1.0,17240,17240.0,0.0962,1658.49
BTD-2024-00056,Larkspur Hotels Group,Priya Nandakumar,Personal Accident,Canada,North America,Retail,,New Business,2024-01-02,2024-07-02,Expired,CAD,1.72,5640,3279.07,0.1878,615.81
BTD-2025-00353,Caldwell Maritime Holdings,Sofia Almeida,Product Recall,Brazil,Latin America,Retail,,New Business,2025-01-21,2026-01-21,Renewed,USD,1.27,76480,60220.47,0.1839,11074.54
BTD-2024-00309,Halloway Security Group,Sofia Almeida,Liability,Cyprus,Europe,Retail,,New Business,2024-11-21,2025-11-21,Renewed,EUR,1.17,26520,22666.67,0.1887,4277.2
BTD-2025-00702,Ledbury Green Power,Sofia Almeida,Political Violence,Ireland,UK & Ireland,Retail,,New Business,2025-12-01,2026-12-01,Live,EUR,1.17,85570,73136.75,0.1914,13998.37
BTD-2025-00537,Wickenby Defence Systems,Eleanor Voss,Marine Cargo,Canada,North America,Wholesale,Grindley Risk Services,Renewal,2025-07-11,2025-05-07,Renewed,CAD,1.72,12900,7500.0,0.0675,506.25
BTD-2024-00175,Tregarthen Copper,Eleanor Voss,Political Violence,United Kingdom,UK & Ireland,Retail,,New Business,2024-07-13,2025-07-13,Renewed,GBP,1.0,29860,29860.0,0.1927,5754.02
BTD-2026-00762,Coldharbour Estates,Sofia Almeida,Product Recall,Mexico,Latin America,Wholesale ,Merrivale Insurance Partners,New Business,2026-01-01,2026-07-01,Live,USD,1.27,22980,18094.49,0.1035,1872.78
BTD-2025-00394,Havelock Steel,Tom Beckwith,Fixated Threat,United Kingdom,UK & Ireland,Wholesale,Merrivale Insurance Partners,New Business,2025-01-23,2026-01-23,Renewed,GBP,1.0,3460,3460.0,0.1294,447.72
BTD-2025-00693,Harrowgate Resources Group,Priya Nandakumar,Terrorism,United Kingdom,UK & Ireland,Retail,,New Business,2025-11-01,2026-11-01,Live,GBP,1.0,46870,46870.0,0.1991,9331.82
BTD-2025-00621,Merrowdale Timber,Priya Nandakumar,Fixated Threat,United Kingdom,UK & Ireland,Retail,,New Business,2025-09-25,2026-09-25,Live,GBP,1.0,1660,1660.0,0.2525,419.15
BTD-2026-00888,Kestrel Field Services,Sofia Almeida,Political Violence,Mexico,Latin America,Wholesale,Norbury Risk Solutions,New Business,2026-04-01,2027-04-01,Live,USD,1.27,141300,111259.84,0.1104,12283.09
BTD-2026-00729,Strathallan Whisky Co,Priya Nandakumar,Active Assailant,UK,UK & Ireland,Wholesale,Grindley Risk Services,New Business,2026-01-11,2028-01-11,Live,GBP,1.0,10420,10420.0,0.1297,1351.47
BTD-2025-00516,Tarnbeck Utilities,Sofia Almeida,Marine Cargo,Iraq,Middle East & Africa,Retail,,New Business,2025-06-01,2026-06-01,Renewed,USD,1.27,12800,10078.74,0.1287,1297.13
BTD-2024-00314,Tregarthen Copper,Marcus Ridley,Active Assailant,Ireland,UK & Ireland,Wholesale,Ollerton & Hale,New Business,2024-12-02,2025-12-02,Renewed,EUR,1.17,12710,10863.25,0.1194,1297.07
BTD-2025-00477,Bramfield Chemicals,Priya Nandakumar,Marine Cargo,United Arab Emirates,Middle East & Africa,Wholesale,Ollerton & Hale,New Business,2025-04-01,2026-04-01,Expired,USD,1.27,1510,1188.98,0.0699,83.11
BTD-2024-00282,Stonegrave Construction,Sofia Almeida,Terrorism,Iraq,Middle East & Africa,Wholesale,Denholm Marsh Brokers,New Business,2024-10-15,2025-10-15,Renewed,USD,1.27,20170,15881.89,0.1161,1843.89
BTD-2026-00907,Brackenhill Logistics,Marcus Ridley,Liability,United Kingdom,UK & Ireland,Retail,,New Business,2026-05-13,2027-05-13,Live,GBP,1.0,26790,"26,790.00",0.1879,"5,033.84"
BTD-2025-00384,Glenmarch Textiles,Tom Beckwith,Fixated Threat,United Kingdom,UK & Ireland,Retail,,New Business,2025-01-01,2026-01-01,Renewed,GBP,1.0,12860,12860.0,0.2394,3078.68
BTD-2026-00951,Thornbury Aid Foundation,Eleanor Voss,D&O,Brazil,Latin America,Retail,,Renewal,2026-06-02,2027-06-02,Live,USD,1.27,231200,182047.24,0.1478,26906.58
BTD-2024-00204,Shawbury Aerospace,Priya Nandakumar,Fixated Threat,Netherlands,Europe,Retail,,New Business,2024-07-18,2025-07-18,Renewed,EUR,1.17,1510,1290.6,0.2699,348.33
BTD-2025-00366,Brackenhill Logistics,Eleanor Voss,Personal Accident,Singapore,Asia Pacific,Wholesale,Fairweather & Co,Renewal,2025-01-19,2026-01-19,Renewed,USD,1.27,24370,19188.98,0.1127,2162.6
BTD-2026-00754,Brackenhill Logistics,Eleanor Voss,D&O,United Arab Emirates,Middle East & Africa,Retail,,Renewal,2026-01-01,2027-01-01,Live,usd,1.27,50660,39889.76,0.1411,5628.45
BTD-2025-00395,Thornbury Aid Foundation,Priya Nandakumar,PI,United Kingdom,UK & Ireland,Wholesale,Hollowell Brokers Ltd,Renewal,2025-02-24,2026-02-24,Expired,GBP,1.0,10920,10920.0,0.0787,859.4
BTD-2026-00788,Ashcombe Analytics,Eleanor Voss,Kidnap and Ransom,United Kingdom,UK & Ireland,Retail,,New Business,2026-01-08,2027-01-08,Live,GBP,1.0,13660,13660.0,0.2392,3267.47
BTD-2024-00053,Pentreath Marine,Eleanor  Voss,Liability,Canada,North America,Wholesale,Lansdowne Brokers Group,New Business,2024-01-01,2025-01-01,Renewed,CAD,1.72,17120,9953.49,0.0887,882.87
BTD-2025-00361,Langmere Telecom,Marcus Ridley,D&O,United Arab Emirates,Middle East & Africa,Retail,,New Business,2025-01-01,2026-01-01,Renewed,USD,1.27,31910,25125.98,0.1584,3979.96
BTD-2025-00660,Bellhaven Foods Group,Priya Nandakumar,Personal Accident,United Kingdom,UK & Ireland,Wholesale,Hollowell Brokers Ltd,Renewal,2025-10-19,2026-10-19,Live,GBP,1.0,4780,4780.0,0.1116,533.45
BTD-2025-00614,Marchwood Engineering,Callum Reid,D&O,Nigeria,Middle East & Africa,Retail,,Renewal,2025-09-01,2026-03-01,Expired,USD,1.27,8660,6818.9,0.1383,943.05
BTD-2024-00165,Fennmoor Water Services,Tom Beckwith,Terrorism,United Kingdom,UK & Ireland,Retail,,Renewal,2024-06-01,2024-12-01,Renewed,GBP,1.0,12180,"12,180.00",0.2152,"2,621.14"
BTD-2026-00830,Meridian Vale Energy,Eleanor Voss,Terrorism,Mexico,Latin America,Retail,,Renewal,2026-03-01,2026-09-01,Live,USD,1.27,26650,20984.25,0.21,4406.69
BTD-2025-00697,Wrayburn Motors,Eleanor Voss,Professional Indemnity,United Kingdom,UK & Ireland,Retail,,New Business,2025-12-01,2026-12-01,Live,GBP,1.0,16780,16780.0,0.1526,2560.63
BTD-2026-00911,Harrowgate Resources Group,Eleanor Voss,Kidnap & Ransom,United Arab Emirates,Middle East & Africa,Retail,,Renewal,2026-05-03,2027-05-03,Live,USD,1.27,59450,46811.02,0.2493,11669.99
BTD-2026-00730,Salterton Electronics,Sofia Almeida,Marine Cargo,Brazil,Latin America,Retail,,Renewal,2026-01-03,2027-01-03,Live,USD,1.27,18100,14251.97,0.1183,1686.01
BTD-2024-00323,Fennmoor Water Services,Sofia Almeida,Terrorism,Japan,Asia Pacific,Retail,,New Business,2024-12-18,2025-12-18,Expired,USD,1.27,24270,19110.24,0.1853,3541.13
BTD-2025-00556,Dunmarrow Agriculture,Eleanor Voss,Kidnap & Ransom,Kenya,Middle East & Africa,Retail,,New Business,2025-07-02,2026-07-02,Live,USD,1.27,5360,4220.47,0.2578,1088.04
BTD-2025-00682,Harrowgate Resources Group,Tom Beckwith,Cyber,United Kingdom,UK & Ireland,Wholesale,Hollowell Brokers Ltd,Renewal,2025-11-04,2026-11-04,Live,GBP ,1.0,7160,7160.0,0.0763,546.31
BTD-2025-00568,Wrayburn Motors,Eleanor Voss,Terrorism,Canada,North America,Wholesale,Barrenger Insurance Brokers,Renewal,2025-07-05,2026-07-05,Live,CAD,1.72,55530,32284.88,0.1014,3273.69
BTD-2025-00551,Underhill Logistics,Tom Beckwith,Liability,Canada,North America,Wholesale,Barrenger Insurance Brokers,Renewal,2025-07-01,2026-07-01,Live,CAD,1.72,83620,48616.28,0.0987,4798.43
BTD-2024-00273,Harrowgate Resources Group,Priya Nandakumar,Active Assailant,UK,UK & Ireland,Retail,,Renewal,2024-10-01,2025-10-01,Expired,GBP,1.0,15560,15560.0,0.2119,3297.16
BTD-2025-00480,Ormsgill Cement,Marcus Ridley,Cyber,United Kingdom,UK & Ireland,Wholesale,Lansdowne Brokers Group,New Business,2025-04-02,2026-04-02,Renewed,GBP,1.0,20020,20020.0,0.0773,1547.55
BTD-2024-00096,Ardenvale Mining Corporation,Eleanor Voss,Terrorism,Japan,Asia Pacific,Wholesale,Grindley Risk Services,New Business,2024-03-01,2025-03-01,Renewed,US$,1.27,33310,26228.35,0.1188,3115.93
BTD-2025-00549,Silverdale Data Centres,Priya Nandakumar,Kidnap and Ransom,United States,North America,Wholesale,Lansdowne Brokers Group,Renewal,2025-07-01,2026-07-01,Live,USD,1.27,15430,12149.61,0.135,1640.2
BTD-2025-00401,Redcastle Minerals,Tom Beckwith,Fixated Threat,Greece,Europe,Wholesale,Ainsworth & Pike,New Business,15/02/2025,2026-02-15,Expired,EUR,1.17,2920,2495.73,0.1368,341.42
BTD-2025-00473,Orrinshaw Media Group,Priya Nandakumar,Marine Cargo,United States,North America,Retail,,Renewal,2025-04-01,2026-04-01,Renewed,USD,1.27,9400,7401.57,0.1294,957.76
BTD-2025-00445,Orrinshaw Media Group,Marcus Ridley,Liability,Iraq,Middle East & Africa,Wholesale,Eastgate Commercial Risks,Renewal,2025-04-11,2026-04-11,Renewed,USD,1.27,47240,37196.85,0.0961,3574.62
BTD-2026-00927,Marchwood Engineering,Callum Reid,Terrorism,Canada,North America,Retail,,Renewal,2026-06-01,2027-06-01,Live,CAD,1.72,10670,6203.49,0.1875,1163.15
BTD-2026-00882,Dunmarrow Agriculture,Sofia Almeida,Active Assailant,United Kingdom,UK & Ireland,Retail,,Renewal,01/04/2026,2027-04-01,Live,GBP,1.0,14150,14150.0,0.2374,3359.21
BTD-2024-00023,Ilverton Diagnostics,Tom Beckwith,Kidnap & Ransom,United States,North America,Wholesale,Hollowell Brokers Ltd,New Business,2024-01-17,2025-01-17,Expired,USD,1.27,12500,9842.52,0.132,1299.21
BTD-2025-00419,Carrowmore Shipping,Priya Nandakumar,Fixated Threat,United States,North America,Wholesale,Calderstone Risk Partners,New Business,2025-03-01,2026-03-01,Expired,USD,1.27,3680,2897.64,0.1276,369.74
BTD-2024-00163,Tarnbeck Utilities,Sofia Almeida,Political Violence,United Kingdom,UK & Ireland,Retail,,Renewal,2024-06-06,2025-06-06,Renewed,GBP,1.0,15900,15900.0,0.2157,3429.63
BTD-2025-00340,Wrayburn Motors,Tom Beckwith,Fixated Threat,United Arab Emirates,Middle East & Africa,Wholesale,Eastgate Commercial Risks,Renewal,2025-01-01,2026-01-01,Expired,USD,1.27,6310,4968.5,0.1326,658.82
BTD-2024-00025,Orrinshaw Media Group,Priya Nandakumar,Liability,Nigeria,Middle East & Africa,Retail,,New Business,2024-01-01,2025-01-01,Expired,USD,1.27,17000,13385.83,0.174,2329.13
BTD-2026-00772,Strathallan Whisky Co,Tom Beckwith,Kidnap & Ransom,United Kingdom,UK & Ireland,Wholesale,Barrenger Insurance Brokers,Renewal,2026-01-01,2027-01-01,Live,GBP,1.0,1690,1690.0,0.1399,236.43
BTD-2025-00461,Eastcliffe Publishing,Eleanor Voss,Active Assailant,United States,North America,Wholesale ,Grindley Risk Services,New Business,2025-04-17,2026-04-17,Renewed,USD,1.27,21690,17078.74,0.1191,2034.08
BTD-2024-00324,Bramfield Chemicals,Sofia Almeida,Political Violence,Canada,North America,Wholesale,Barrenger Insurance Brokers,New Business,2024-12-15,2025-12-15,Renewed,CAD,1.72,37460,21779.07,0.1156,2517.66
BTD-2024-00024,Bellhaven Foods Group,Marcus Ridley,Cyber,Australia,Asia Pacific,Wholesale,Ivory Lane Insurance,Renewal,2024-01-06,2025-01-06,Renewed,AUD,1.93,9090,4709.84,0.0774,364.54
BTD-2025-00713,Kestrel Field Services,Eleanor Voss,D&O,Greece,Europe,Retail,,New Business,2025-12-25,2026-12-25,Live,EUR,1.17,13470,11512.82,0.1382,1591.07
BTD-2026-00834,Harrowgate Resources Group,Priya Nandakumar,Marine Cargo,Greece,Europe,Wholesale,Calderstone Risk Partners,New Business,2026-03-13,2027-03-13,Live,EUR,1.17,7340,6273.5,0.0668,419.07
BTD-2025-00669,Redcastle Minerals,Sofia Almeida,D&O,Brazil,Latin America,Wholesale,Ivory Lane Insurance,Renewal,2025-10-04,2026-10-04,Live,USD,1.27,17990,14165.35,0.0808,1144.56
BTD-2025-00354,Northgate Pharmaceuticals,Marcus Ridley,PI,Ireland,UK & Ireland,Wholesale,Lansdowne Brokers Group,New Business,2025-01-21,2026-01-21,Renewed,EUR,1.17,26250,22435.9,0.0767,1720.83
BTD-2024-00271,Underhill Logistics,Priya Nandakumar,Personal Accident,USA,North America,Retail,,Renewal,2024-10-17,2025-10-17,Renewed,USD,1.27,3770,2968.5,0.2025,601.12
BTD-2026-00785,Merrowdale Timber,Marcus Ridley,Liability,Saudi Arabia,Middle East & Africa,Wholesale,Fairweather & Co,Renewal,2026-01-01,2027-01-01,Live,USD,1.27,20520,16157.48,0.0897,1449.33
BTD-2025-00517,Salterton Electronics,Sofia Almeida,Political Violence,Ukraine,Europe,Retail,,Renewal,2025-06-19,2026-06-19,Expired,USD,1.27,70780,55732.28,0.2113,11776.23
BTD-2026-00880,Salterton Electronics,Marcus Ridley,Active Assailant,United Kingdom,UK & Ireland,Wholesale,Eastgate Commercial Risks,Renewal,2026-04-01,2027-04-01,Live,GBP,1.0,9990,9990.0,0.1334,1332.67
BTD-2025-00647,Yarnholme Packaging,Priya Nandakumar,Fixated Threat,Iraq,Middle East & Africa,Wholesale,Ainsworth & Pike,Renewal,2025-10-04,2026-10-04,Live,US$,1.27,2660,2094.49,0.1266,265.16
BTD-2026-00876,Saltmarsh Infrastructure plc,Priya Nandakumar,Political Violence,Greece,Europe,Wholesale,Calderstone Risk Partners,Renewal,2026-04-06,2027-04-06,Live,EUR,1.17,30540,26102.56,0.1169,3051.39
BTD-2025-00347,Shawbury Aerospace,Tom Beckwith,Fixated Threat,Singapore,Asia Pacific,Retail,,Renewal,2025-01-17,2027-01-17,Live,USD,1.27,9660,7606.3,0.2449,1862.78
BTD-2025-00588,Northgate Pharmaceuticals,Callum Reid,D&O,South Africa,Middle East & Africa,Wholesale,Norbury Risk Solutions,Renewal,2025-08-05,2026-08-05,Live,ZAR,23.5,1323400,56314.89,0.0847,4769.87
BTD-2026-00949,Harrowgate Resources Group,Callum Reid,Kidnap & Ransom,United States,North America,Wholesale ,Fairweather & Co,Renewal,2026-06-01,2027-06-01,Live,USD,1.27,15950,12559.06,0.1315,1651.52
BTD-2024-00088,Redcastle Minerals,Priya Nandakumar,Fixated Threat,United Kingdom,UK & Ireland,Retail,,New Business,2024-03-11,2025-03-11,Expired,GBP,1.0,2120,2120.0,0.2597,550.56
BTD-2024-00201,Westhaven Cruises,Eleanor Voss,Political Violence,United Kingdom,UK & Ireland,Wholesale,Ivory Lane Insurance,Renewal,22/07/2024,2025-07-22,Renewed,GBP,1.0,36320,36320.0,0.1129,4100.53
BTD-2024-00320,Nethercott Foods,Priya Nandakumar,Marine Cargo,Japan,Asia Pacific,Wholesale,Grindley Risk Services,Renewal,2024-12-18,2025-12-18,Expired,USD,1.27,8170,6433.07,0.066,424.58
BTD-2026-00808,Langmere Telecom,Marcus Ridley,Kidnap & Ransom,Ukraine,Europe,Wholesale,Eastgate Commercial Risks,New Business,2026-02-01,2027-02-01,Live,USD,1.27,10120,7968.5,0.1461,1164.2
BTD-2024-00134,Glenmarch Textiles,Eleanor Voss,Professional Indemnity,UK,UK & Ireland,Retail,,New Business,2024-05-01,2025-05-01,Renewed,GBP,1.0,10160,10160.0,0.14,1422.4
BTD-2025-00372,Saltmarsh Infrastructure plc,Tom Beckwith,Kidnap & Ransom,United Kingdom,UK & Ireland,Retail,,New Business,2025-01-01,2026-01-01,Renewed,GBP,1.0,24550,-24550.0,0.2614,-6417.37
BTD-2024-00012,Northgate Pharmaceuticals,Priya Nandakumar,Personal Accident,United States,North America,Retail,,New Business,2024-01-20,2025-01-20,Renewed,USD,1.27,15220,11984.25,0.2053,2460.37
BTD-2024-00018,Barrowfield Housing,Eleanor Voss,Active Assailant,US,North America,Retail,,Renewal,2024-01-01,2025-01-01,Renewed,USD,1.27,5700,4488.19,0.2335,1047.99
BTD-2025-00589,Northgate Pharmaceuticals,Priya Nandakumar,Liability,Saudi Arabia,Middle East & Africa,Wholesale,Merrivale Insurance Partners,Renewal,2025-08-01,2026-08-01,Live,USD,1.27,8160,6425.2,0.1002,643.8
BTD-2024-00316,Inglefield Robotics,Priya Nandakumar,Kidnap & Ransom,United States,North America,Wholesale ,Calderstone Risk Partners,Renewal,2024-12-16,2025-12-16,Renewed,USD,1.27,4230,3330.71,0.1388,462.3
BTD-2026-00787,Carrowmore Shipping,Sofia Almeida,Product Recall,Philippines,Asia Pacific,Retail,,New Business,2026-01-01,2027-01-01,Live,USD,1.27,45980,36204.72,0.1856,6719.6
BTD-2024-00199,Vellacott Agritech,Eleanor Voss,Political Violence,Singapore,Asia Pacific,Wholesale,Grindley Risk Services,Renewal,2024-07-01,2025-07-01,Renewed,USD,1.27,30330,23881.89,0.1163,2777.46
BTD-2025-00634,Cleveland Row Partners,Tom Beckwith,Political Violence,Canada,North America,Wholesale,Hollowell Brokers Ltd,New Business,2025-09-01,2026-09-01,Live,CAD,1.72,75550,43924.42,0.115,5051.31
BTD-2024-00113,Meridian Vale Energy,Sofia Almeida,Marine Cargo,United Kingdom,UK & Ireland,Wholesale,Hollowell Brokers Ltd,New Business,2024-04-22,2025-04-22,Renewed,GBP,1.0,6180,6180.0,0.07,432.6
BTD-2024-00019,Kilnbrook Automotive,Sofia Almeida,Product Recall,Mexico,Latin America,Wholesale,Ivory Lane Insurance,New Business,2024-01-19,2025-01-19,Renewed,USD,1.27,16200,12755.91,0.1011,1289.62
BTD-2024-00307,Applecross Distilling,Marcus Ridley,Liability,USA,North America,Wholesale,Kilbride Risk Advisers,New Business,2024-11-17,2025-11-17,Renewed,USD,1.27,15560,12251.97,0.1024,1254.6
BTD-2024-00009,Everleigh Cosmetics,Marcus Ridley,Cyber,United Kingdom,UK & Ireland,Wholesale,Calderstone Risk Partners,New Business,2024-01-06,2025-01-06,Expired,GBP,1.0,11660,11660.0,0.0787,917.64
BTD-2025-00567,Glenmarch Textiles,Tom Beckwith,Fixated Threat,United Kingdom,UK & Ireland,Wholesale,Eastgate Commercial Risks,Renewal,2025-07-21,2026-07-21,Live,GBP,1.0,8770,8770.0,0.1334,1169.92
BTD-2024-00242,Ardenvale Mining Corporation,Eleanor Voss,Active Assailant,United States,North America,Retail,,New Business,2024-09-01,2025-09-01,Expired,USD,1.27,95530,75220.47,0.2103,15818.87
BTD-2025-00695,Fordwich Legal Group,Sofia Almeida,Political Violence,Canada,North America,Wholesale,Merrivale Insurance Partners,Renewal,2025-12-01,2026-12-01,Live,CAD,1.72,53440,31069.77,0.1057,3284.07
BTD-2024-00177,Brackenhill Logistics,Tom Beckwith,Terrorism,US,North America,Wholesale,Ivory Lane Insurance,Renewal,2024-07-01,2025-07-01,Renewed,USD,1.27,41240,32472.44,0.1026,3331.67
BTD-2024-00254,Hexworthy Tunnelling,Eleanor  Voss,Political Violence,United States,North America,Retail,,Renewal,2024-09-01,2025-09-01,Renewed,USD,1.27,29340,23102.36,0.1902,4394.07
BTD-2024-00057,Applecross Distilling,Marcus Ridley,Liability,United Kingdom,UK & Ireland,Wholesale,Calderstone Risk Partners,New Business,2024-02-01,2025-02-01,Renewed,GBP,1.0,12180,12180.0,0.0967,1177.81
BTD-2026-00720,Harrowgate Resources Group,Priya Nandakumar,Active Assailant,Australia,Asia Pacific,Wholesale,Lansdowne Brokers Group,Renewal,01/01/2026,2027-01-01,Live,AUD,1.93,19980,10352.33,0.129,1335.45
BTD-2024-00138,Underhill Logistics,Eleanor Voss,Terrorism,Ireland,UK & Ireland,Retail,,New Business,2024-05-16,2025-05-16,Renewed,EUR,1.17,14050,12008.55,0.2106,2529.0
BTD-2024-00076,Westhaven Cruises,Marcus Ridley,Marine Cargo,United Kingdom,UK & Ireland,Wholesale,Lansdowne Brokers Group,New Business,2024-03-13,2025-03-13,Expired,GBP,1.0,7620,7620.0,0.0715,544.83
BTD-2025-00393,Melbray Renewables,Tom Beckwith,Terrorism,United Kingdom,UK & Ireland,Wholesale,Hollowell Brokers Ltd,New Business,2025-01-27,2026-01-27,Expired,GBP,1.0,10340,10340.0,0.1065,1101.21
BTD-2024-00312,Thornbury Aid Foundation,Tom Beckwith,Kidnap & Ransom,Canada,North America,Wholesale,Ollerton & Hale,New Business,01/12/2024,2025-12-01,Expired,CAD,1.72,51840,30139.53,0.1332,4014.59
BTD-2025-00331,Winterbourne Labs,Eleanor  Voss,Political Violence,Spain,Europe,Retail,,Renewal,2025-01-05,2026-01-05,Expired,EUR,1.17,37300,31880.34,0.2067,6589.67
BTD-2024-00094,Eastcliffe Publishing,Marcus Ridley,Professional Indemnity,United Kingdom,UK & Ireland,Retail,,New Business,17/03/2024,2025-03-17,Expired,GBP,1.0,12770,12770.0,0.1506,1923.16
BTD-2025-00637,Caldwell Maritime Holdings,Priya Nandakumar,Liability,United Arab Emirates,Middle East & Africa,Wholesale,Fairweather & Co,Renewal,2025-10-17,2026-10-17,Live,USD,1.27,45170,35566.93,0.1036,3684.73
BTD-2026-00718,Fennmoor Water Services,Callum Reid,Professional Indemnity,Guernsey,UK & Ireland,Wholesale,Jardine Wray Partners,New Business,2026-01-01,2026-07-01,Live,GBP,1.0,6560,6560.0,0.0867,568.75
BTD-2025-00390,Applecross Distilling,Marcus Ridley,Product Recall,United Kingdom,UK & Ireland,Retail,,Renewal,2025-01-15,2026-01-15,Expired,GBP,1.0,33650,33650.0,0.1729,5818.08
BTD-2024-00250,Havelock Steel,Marcus Ridley,Liability,United Kingdom,UK & Ireland,Wholesale,Denholm Marsh Brokers,Renewal,2024-09-01,2025-09-01,Renewed,GBP,1.0,15880,15880.0,0.0921,1462.55
BTD-2026-00884,Halloway Security Group,Sofia Almeida,Product Recall,Brazil,Latin America,Retail,,New Business,2026-04-01,2027-04-01,Live,USD,1.27,61130,48133.86,0.1789,8611.15
BTD-2024-00093,Bellhaven Foods Group,Priya Nandakumar,Liability,Canada,North America,Wholesale,Norbury Risk Solutions,New Business,2024-03-08,2025-03-08,Expired,CAD,1.72,7200,4186.05,0.0938,392.65
BTD-2024-00202,Whitmoor Recycling,Marcus Ridley,Liability,Netherlands,Europe,Wholesale,Denholm Marsh Brokers,New Business,2024-07-24,2025-07-24,Expired,EUR,1.17,8880,7589.74,0.0984,746.83
BTD-2026-00944,Garrowby Petroleum,Sofia Almeida,Terrorism,South Africa,Middle East & Africa,Retail,,New Business,2026-06-01,2027-06-01,Live,ZAR,23.5,539000,22936.17,0.2005,4598.7
BTD-2024-00151,Northgate Pharmaceuticals,Sofia Almeida,Product Recall,Iraq,Middle East & Africa,Retail,,New Business,2024-06-28,2025-06-28,Renewed,USD,1.27,54870,43204.72,0.1795,7755.25
BTD-2025-00434,Vellacott Agritech,Priya Nandakumar,Marine Cargo,United Kingdom,UK & Ireland,Retail,,New Business,2205-03-01,2206-03-01,Renewed,GBP,1.0,4820,4820.0,0.1296,624.67
BTD-2026-00856,Meridian Vale Energy,Priya Nandakumar,Liability,Philippines,Asia Pacific,Wholesale,Jardine Wray Partners,New Business,2026-04-01,2027-04-01,Live,USD,1.27,20610,16228.35,0.0892,1447.57
BTD-2024-00123,Ashcombe Analytics,Marcus Ridley,Liability,United Kingdom,UK & Ireland,Retail,,New Business,2024-04-13,2024-10-13,Renewed,GBP ,1.0,5940,5940.0,0.1782,1058.51
BTD-2024-00112,Kestrel Field Services,Priya Nandakumar,Marine Cargo,United Kingdom,UK & Ireland,Retail,,New Business,2024-04-14,2025-04-14,Expired,GBP,1.0,4000,4000.0,0.1269,507.6
BTD-2026-00747,Blackwater Survey Co,Tom Beckwith,Kidnap & Ransom,United States,North America,Wholesale,Merrivale Insurance Partners,New Business,2026-01-01,2027-01-01,Live,usd,1.27,5860,4614.17,0.1269,585.54
BTD-2024-00003,Nethercott Foods,Eleanor Voss,Kidnap & Ransom,United Kingdom,UK & Ireland,Retail,,New Business,2024-01-01,2026-01-01,Renewed,GBP,1.0,4870,4870.0,0.2683,1306.62
BTD-2025-00397,Salterton Electronics,Tom Beckwith,Kidnap and Ransom,Guernsey,UK & Ireland,Wholesale,Ivory Lane Insurance,New Business,2025-02-01,2026-02-01,Renewed,GBP,1.0,3130,3130.0,0.136,425.68
BTD-2025-00411,Salterton Electronics,Eleanor  Voss,Liability,Iraq,Middle East & Africa,Retail,,New Business,2025-02-01,2026-02-01,Renewed,USD,1.27,16240,12787.4,0.1785,2282.55
BTD-2025-00396,Tarnbeck Utilities,Marcus Ridley,Marine Cargo,Greece,Europe,Retail,,New Business,2025-02-02,2026-02-02,Expired,EUR,1.17,7450,6367.52,0.1232,784.48
BTD-2025-00538,Kestrel Field Services,Marcus Ridley,Prof Indemnity,Canada,North America,Wholesale,Grindley Risk Services,Renewal,2025-07-27,2026-07-27,Live,CAD,1.72,35900,20872.09,0.0784,1636.37
BTD-2025-00616,Tarnbeck Utilities,Marcus Ridley,Terrorism,Canada,North America,Retail,,New Business,2025-09-01,2026-09-01,Live,CAD,1.72,26820,15593.02,0.1922,2996.98
BTD-2024-00156,Quenby Insurance Services,Eleanor Voss,Political Violence,Canada,North America,Retail,,New Business,2024-06-04,2024-12-04,Renewed,CAD,1.72,60370,35098.84,0.199,6984.67
BTD-2024-00122,Stonegrave Construction,Eleanor Voss,Kidnap & Ransom,United States,North America,Retail,,New Business,2024-04-09,2025-04-09,Renewed,USD,1.27,7510,5913.39,0.239,1413.3
BTD-2024-00154,Kestrel Field Services,marcus ridley,Product Recall,United Kingdom,UK & Ireland,Retail,,Renewal,2024-06-01,2024-12-01,Renewed,GBP,1.0,34240,34240.0,0.1657,5673.57
BTD-2025-00705,Harrowgate Resources Group,Eleanor Voss,Liability,United Kingdom,UK & Ireland,Wholesale,Calderstone Risk Partners,New Business,2025-12-01,2026-12-01,Live,GBP,1.0,20840,20840.0,0.103,2146.52
BTD-2025-00574,Kilnbrook Automotive,Callum Reid,Personal Accident,United States,North America,Wholesale,Ollerton & Hale,Renewal,2025-07-01,2026-07-01,Live,USD,1.27,2350,1850.39,0.113,209.09
BTD-2025-00342,Wardlow Precision,Priya Nandakumar,Liability,UK,UK & Ireland,Wholesale,Barrenger Insurance Brokers,Renewal,2025-01-12,2026-01-12,Renewed,GBP,1.0,10770,10770.0,0.1025,1103.92
BTD-2025-00552,Hexworthy Tunnelling,Sofia Almeida,Terrorism,Switzerland,Europe,retail,,New Business,2025-07-01,2026-07-01,Live,EUR,1.17,40840,34905.98,0.2105,7347.71
BTD-2025-00470,Wardlow Precision,Marcus Ridley,Liability,Cyprus,Europe,Retail,,Renewal,2025-04-23,2026-04-23,Renewed,EUR,1.17,8420,7196.58,0.1828,1315.54
BTD-2025-00527,Zenmoor Technologies,Priya Nandakumar,Marine Cargo,United Kingdom,UK & Ireland,Retail,,New Business,2025-06-25,2026-06-25,Renewed,GBP,1.0,6360,6360.0,0.1205,766.38
BTD-2026-00952,Northgate Pharmaceuticals,Priya Nandakumar,Terrorism,United Kingdom,UK & Ireland,Wholesale,Ollerton & Hale,Renewal,2026-06-01,2027-06-01,Live,GBP,1.0,19780,19780.0,0.1044,2065.03
BTD-2025-00683,Fairholme Capital Partners,Eleanor Voss,Cyber,Japan,Asia Pacific,Retail,,Renewal,2025-11-27,2026-11-27,Live,USD,1.27,6630,5220.47,0.1594,832.14
BTD-2026-00903,Westhaven Cruises,Callum Reid,Personal Accident,Brazil,Latin America,Retail,,New Business,2026-05-15,2027-05-15,Live,USD,1.27,4200,3307.09,0.1943,642.57
BTD-2024-00243,Fordwich Legal Group,Tom Beckwith,K&R,United Kingdom,UK & Ireland,Retail,,Renewal,2024-09-26,2025-09-26,Expired,GBP,1.0,9430,9430.0,0.2469,2328.27
BTD-2026-00802,Ardenvale Mining Corporation,Marcus Ridley,Liability,United Kingdom,UK & Ireland,Retail,,New Business,2026-02-02,2027-02-02,Live,GBP,1.0,32110,32110.0,0.1854,5953.19
BTD-2024-00137,Tarnbeck Utilities,Marcus Ridley,Political Violence,United Kingdom,UK & Ireland,Wholesale,Ainsworth & Pike,New Business,2024-05-01,2025-05-01,Renewed,GBP,1.0,4040,4040.0,0.1143,461.77
BTD-2026-00886,Kelsterne Beverages,Eleanor Voss,Kidnap & Ransom,Canada,North America,Retail,,Renewal,18/04/2026,2027-04-18,Live,CAD,1.72,11990,6970.93,0.2374,1654.9
BTD-2026-00895,Caldwell Maritime Holdings,Marcus Ridley,Cyber,United Kingdom,UK & Ireland,Wholesale,Jardine Wray Partners,New Business,2026-05-07,2027-05-07,Live,GBP,1.0,29170,29170.0,0.0813,2371.52
BTD-2026-00778,Tregarthen Copper,Priya Nandakumar,Fixated Threat,Colombia,Latin America,Wholesale,Ivory Lane Insurance,Renewal,2026-01-09,2027-01-09,Live,USD,1.27,2840,2236.22,0.134,299.65
BTD-2025-00486,Orrinshaw Media Group,Marcus Ridley,Cyber,United Kingdom,UK & Ireland,Retail,,New Business,2025-05-21,2026-05-21,Renewed,GBP,1.0,12960,12960.0,0.1544,2001.02
BTD-2025-00545,Stonegrave Construction,Marcus Ridley,Kidnap and Ransom,Nigeria,Middle East & Africa,Wholesale,Jardine Wray Partners,Renewal,2025-07-01,2026-07-01,Live,USD,1.27,22360,17606.3,0.1298,2285.3
BTD-2025-00628,Westhaven Cruises,Sofia Almeida,Political Violence,Israel,Middle East & Africa,retail,,Renewal,2025-09-08,2026-09-08,Live,USD,1.27,22300,17559.06,0.1964,3448.6
BTD-2025-00365,Newlyn Bay Fisheries,Eleanor Voss,Terrorism,United Arab Emirates,Middle East & Africa,Retail,,New Business,2025-01-01,2026-01-01,Renewed,USD,1.27,47360,37291.34,0.2104,7846.1
BTD-2025-00661,Wrayburn Motors,Marcus Ridley,Liability,USA,North America,Wholesale,Fairweather & Co,Renewal,2025-10-01,2026-10-01,Live,USD,1.27,20540,16173.23,0.099,1601.15
BTD-2025-00602,Oakhampton Retail Holdings,Priya Nandakumar,Kidnap & Ransom,Saudi Arabia,Middle East & Africa,Wholesale,Ivory Lane Insurance,Renewal,2025-08-01,2026-08-01,Live,USD,1.27,6390,5031.5,0.1422,715.48
BTD-2024-00297,Whitmoor Recycling,Eleanor Voss,Kidnap & Ransom,Australia,Asia Pacific,retail,,New Business,2024-11-01,2025-11-01,Expired,AUD,1.93,19120,9906.74,0.2484,2460.83
BTD-2025-00375,Yarnholme Packaging,Tom Beckwith,Terrorism,Iraq,Middle East & Africa,Wholesale,Lansdowne Brokers Group,Renewal,08/01/2025,2026-01-08,Expired,USD,1.27,14230,11204.72,0.1181,1323.28
BTD-2025-00590,Ardenvale Mining Corporation,Sofia Almeida,Marine Cargo,Switzerland,Europe,Retail,,New Business,2025-08-04,2026-02-04,Renewed,EUR,1.17,27840,23794.87,0.1339,3186.13
BTD-2024-00030,Newlyn Bay Fisheries,Tom Beckwith,Fixated Threat,Australia,Asia Pacific,Retail,,New Business,2024-01-01,2024-07-01,Renewed,AUD,1.93,5380,2787.56,0.2695,751.25
BTD-2024-00081,Wrayburn Motors,Tom Beckwith,Active Assailant,United Kingdom,UK & Ireland,Retail,,New Business,2024-03-05,2025-03-05,Renewed,GBP,1.0,7170,7170.0,0.2252,1614.68
BTD-2025-00385,Ashcombe Analytics,Eleanor Voss,Terrorism,United Kingdom,UK & Ireland,Wholesale,Denholm Marsh Brokers,New Business,2025-01-12,2026-01-12,Expired,GBP,1.0,28530,28530.0,0.1168,3332.3
BTD-2024-00174,Fennmoor Water Services,Eleanor Voss,Kidnap & Ransom,Israel,Middle East & Africa,Retail,,New Business,2024-06-10,2026-06-10,Expired,USD,1.27,4060,3196.85,0.2515,804.01
BTD-2026-00820,Barrowfield Housing,Marcus Ridley,Professional Indemnity,Canada,North America,Retail,,Renewal,2026-03-14,2027-03-14,Live,CAD,1.72,18250,10610.47,0.161,1708.28
BTD-2025-00348,Northgate Pharmaceuticals,Priya Nandakumar,Active Assailant,United States,North America,Wholesale,Fairweather & Co,New Business,2025-01-01,2026-01-01,Expired,usd,1.27,13560,10677.17,0.1277,1363.47
BTD-2024-00063,Ilverton Diagnostics,Sofia Almeida,Marine Cargo,United Kingdom,UK & Ireland,Retail,,New Business,2024-02-01,2025-02-01,Expired,GBP,1.0,6810,6810.0,0.1298,883.94
BTD-2025-00388,Wrayburn Motors,Priya Nandakumar,Fixated Threat,United Kingdom,UK & Ireland,Wholesale,Merrivale Insurance Partners,Renewal,2025-01-01,2026-01-01,Renewed,GBP,1.0,5300,5300.0,0.1327,703.31
BTD-2025-00433,Blackwater Survey Co,Tom Beckwith,Terrorism,United Kingdom,UK & Ireland,Retail,,Renewal,2025-03-01,2026-03-01,Renewed,GBP,1.0,34970,34970.0,0.1961,6857.62
BTD-2024-00296,Caldwell Maritime Holdings,Sofia Almeida,Cyber,United Kingdom,UK & Ireland,retail,,New Business,2024-11-01,2025-05-01,Renewed,GBP,1.0,19140,19140.0,0.1486,2844.2
BTD-2024-00047,Stonegrave Construction,Sofia Almeida,Terrorism,Australia,Asia Pacific,Wholesale,Barrenger Insurance Brokers,New Business,19/01/2024,2025-01-19,Expired,AUD,1.93,9520,4932.64,0.1106,545.55
BTD-2025-00334,Salterton Electronics,Marcus Ridley,Personal Accident,United Kingdom,UK & Ireland,Wholesale,Denholm Marsh Brokers,New Business,2025-01-01,2026-01-01,Renewed,GBP,1.0,9590,9590.0,0.1036,993.52
BTD-2025-00440,Kilnbrook Automotive,Sofia Almeida,Marine Cargo,Japan,Asia Pacific,retail,,Renewal,2025-03-01,2027-03-01,Live,USD,1.27,12450,9803.15,0.1152,1129.32
BTD-2024-00091,Bramfield Chemicals,Eleanor Voss,Professional Indemnity,United Kingdom,UK & Ireland,Retail,,Renewal,2024-03-01,2025-03-01,Renewed,GBP,1.0,12880,12880.0,0.1488,1916.54
BTD-2024-00015,Orrinshaw Media Group,Tom Beckwith,Kidnap and Ransom,United Kingdom,UK & Ireland,Retail,,New Business,2024-01-03,2025-01-03,Renewed,GBP,1.0,6020,6020.0,0.2501,1505.6
BTD-2024-00248,Fairholme Capital Partners,Marcus Ridley,Fixated Threat,United States,North America,Wholesale,Merrivale Insurance Partners,New Business,2024-09-17,2025-09-17,Renewed,USD,1.27,8770,6905.51,0.1293,892.88
BTD-2026-00716,Underhill Logistics,Eleanor Voss,Kidnap & Ransom,USA,North America,Wholesale,Eastgate Commercial Risks,Renewal,2026-01-01,2027-01-01,Live,USD,1.27,10190,8023.62,0.1271,1019.8
BTD-2025-00456,Kelsterne Beverages,Eleanor Voss,D&O,Canada,North America,Wholesale,Fairweather & Co,New Business,2025-04-03,2026-04-03,Renewed,CAD,1.72,21580,-12546.51,0.0858,-1076.49
BTD-2025-00391,Underhill Logistics,Sofia Almeida,Political Violence,Canada,North America,Retail,,New Business,2025-01-21,2026-01-21,Expired,CAD,1.72,49580,28825.58,0.2158,6220.56
BTD-2024-00327,Pillerton Pharma,Tom Beckwith,K&R,United States,North America,Wholesale,Ainsworth & Pike,Renewal,2024-12-01,2025-12-01,Expired,USD,1.27,19740,15543.31,0.131,2036.17
BTD-2024-00098,Kestrel Field Services,Marcus Ridley,Professional Indemnity,United Kingdom,UK & Ireland,Wholesale,Ollerton & Hale,New Business,2024-03-01,2025-03-01,Expired,GBP,1.0,9580,9580.0,0.0858,821.96
BTD-2025-00569,Havelock Steel,Sofia Almeida,Political Violence,United Arab Emirates,Middle East & Africa,Retail,,Renewal,2025-07-15,2026-07-15,Live,USD,1.27,43060,33905.51,0.2043,6926.9
BTD-2024-00140,Merrowdale Timber,Sofia Almeida,Political Violence,United States,North America,Retail,,Renewal,2024-05-01,2025-05-01,Renewed,USD,1.27,22620,17811.02,0.1872,3334.22
BTD-2024-00115,Harrowgate Resources Group,Tom Beckwith,Political Violence,United Kingdom,UK & Ireland,Retail,,New Business,2024-04-07,2025-04-07,Expired,GBP,1.0,27900,27900.0,0.2073,5783.67
BTD-2024-00187,Thornbury Aid Foundation,Priya Nandakumar,D&O,Ireland,UK & Ireland,Retail,,New Business,2024-07-04,2025-07-04,Renewed,EUR,1.17,34150,29188.03,0.1596,4658.41
BTD-2024-00181,Wrayburn Motors,Priya Nandakumar,Fixated Threat,Colombia,Latin America,Retail,,New Business,2024-07-01,2026-07-01,Live,USD,1.27,4930,3881.89,0.2669,1036.08
BTD-2026-00823,Draycote Systems,Tom Beckwith,Kidnap & Ransom,United Kingdom,UK & Ireland,Wholesale,Ivory Lane Insurance,Renewal,18/03/2026,2028-03-18,Live,GBP,1.0,23570,23570.0,0.145,3417.65
BTD-2025-00491,Meridian Vale Energy,Eleanor Voss,Terrorism,United Kingdom,UK & Ireland,Retail,,New Business,2025-05-16,2026-05-16,Renewed,GBP,1.0,16060,16060.0,0.2154,3459.32
BTD-2024-00130,Saltmarsh Infrastructure plc,Eleanor Voss,Cyber,United Arab Emirates,Middle East & Africa,Retail,,New Business,2024-05-01,2025-05-01,Renewed,USD,1.27,24410,"19,220.47",0.1482,"2,848.47"
BTD-2025-00356,Rothersay Shipping Lines,Priya Nandakumar,Professional Indemnity,UK,UK & Ireland,Retail,,New Business,2025-01-01,2026-01-01,Renewed,GBP,1.0,12900,12900.0,0.1457,1879.53
BTD-2024-00119,Eastcliffe Publishing,Sofia Almeida,Terrorism,Singapore,Asia Pacific,Retail,,New Business,23/04/2024,2025-04-23,Renewed,USD,1.27,18950,14921.26,0.2009,2997.68
BTD-2026-00913,Ardenvale Mining Corporation,Priya Nandakumar,Personal Accident,Canada,North America,Retail,,Renewal,2026-05-15,2026-11-15,Live,CAD,1.72,29540,"17,174.42",0.2117,"3,635.82"
BTD-2024-00221,Pentreath Marine,Tom Beckwith,Terrorism,United States,North America,Retail,,New Business,2024-08-08,2025-02-08,Expired,USD,1.27,18420,14503.94,0.1919,2783.31
BTD-2024-00285,Saltmarsh Infrastructure plc,Priya Nandakumar,Liability,Australia,Asia Pacific,Wholesale,Calderstone Risk Partners,Renewal,2024-10-01,2026-10-01,Live,AUD,1.93,44330,22968.91,0.0895,2055.72
BTD-2026-00932,Carrowmore Shipping,Marcus Ridley,Liability,United Kingdom,UK & Ireland,Retail,,Renewal,2026-06-01,2027-06-01,Live,GBP ,1.0,9850,9850.0,0.1816,1788.76
BTD-2026-00928,Bellhaven Foods Group,Callum Reid,Professional Indemnity,United Kingdom,UK & Ireland,Wholesale,Merrivale Insurance Partners,Renewal,2026-06-12,2027-06-12,Live,GBP,1.0,5300,5300.0,0.0816,432.48
BTD-2024-00111,Hartsmere Aviation,Marcus Ridley,Cyber,United States,North America,Retail,,New Business,2024-04-01,2025-04-01,Expired,USD,1.27,9350,7362.2,0.1616,1189.73
BTD-2025-00603,Wrayburn Motors,Callum Reid,Personal Accident,United Kingdom,UK & Ireland,Wholesale,Barrenger Insurance Brokers,Renewal,2025-08-01,2026-08-01,Live,GBP,1.0,1820,1820.0,0.1133,206.21
BTD-2026-00811,Barrowfield Housing,Marcus Ridley,Liability,Israel,Middle East & Africa,Wholesale,Denholm Marsh Brokers,New Business,2026-02-12,2027-02-12,Live,USD,1.27,22470,17692.91,0.0922,1631.29
BTD-2025-00612,Westhaven Cruises,Eleanor Voss,Kidnap and Ransom,Canada,North America,Retail,,New Business,2025-09-11,2026-03-11,Renewed,CAD,1.72,16680,9697.67,0.2606,2527.21
BTD-2024-00224,Thornbury Aid Foundation,E Voss,Active Assailant,Nigeria,Middle East & Africa,Retail,,New Business,2024-08-08,2025-08-08,Renewed,USD,1.27,30810,24259.84,0.2263,5490.0
BTD-2026-00887,Garrowby Petroleum,Eleanor Voss,Political Violence,Canada,North America,retail,,New Business,2026-04-10,2027-04-10,Live,CAD,1.72,26960,15674.42,0.2089,3274.39
BTD-2024-00293,Brackenhill Logistics,Tom Beckwith,Cyber,United Kingdom,UK & Ireland,Retail,,New Business,2024-11-14,2025-11-14,Renewed,GBP,1.0,19660,19660.0,0.1387,2726.84
BTD-2024-00275,Orrinshaw Media Group,Marcus Ridley,Professional Indemnity,Israel,Middle East & Africa,Wholesale,Ivory Lane Insurance,New Business,2024-10-09,2025-10-09,Renewed,USD,1.27,16640,13102.36,0.0881,1154.32
BTD-2024-00102,Westhaven Cruises,Marcus Ridley,Liability,Hong Kong,Asia Pacific,Wholesale,Denholm Marsh Brokers,New Business,2024-04-24,2025-04-24,Renewed,USD,1.27,9670,7614.17,0.1038,790.35
BTD-2025-00400,Barrowfield Housing,Marcus Ridley,D&O,United Kingdom,UK & Ireland,Wholesale,Grindley Risk Services,New Business,2025-02-04,2026-02-04,Expired,GBP,1.0,10660,10660.0,0.0772,822.95
BTD-2026-00835,Langmere Telecom,Eleanor Voss,Personal Accident,United Kingdom,UK & Ireland,Wholesale,Lansdowne Brokers Group,New Business,2026-03-25,2026-09-25,Live,GBP ,1.0,7750,7750.0,0.1119,867.22
BTD-2024-00041,Harrowgate Resources Group,Sofia Almeida,Active Assailant,Germany,Europe,Retail,,New Business,2024-01-11,2025-01-11,Renewed,EUR,1.17,22620,19333.33,0.2156,4168.27
BTD-2024-00148,Hartsmere Aviation,Eleanor Voss,Terrorism,United Kingdom,UK & Ireland,Retail,,New Business,2024-05-01,2025-05-01,Renewed,GBP,1.0,7550,7550.0,0.2119,1599.84
BTD-2024-00294,Havelock Steel,Priya Nandakumar,Liability,United States,North America,Retail,,New Business,17/11/2024,2025-11-17,Renewed,USD,1.27,9720,7653.54,0.1819,1392.18
BTD-2024-00280,Wardlow Precision,Eleanor Voss,Personal Accident,United Kingdom,UK & Ireland,Wholesale,Ivory Lane Insurance,New Business,2024-10-01,2025-10-01,Renewed,GBP,1.0,7220,7220.0,0.1071,773.26
BTD-2025-00526,Newlyn Bay Fisheries,Eleanor Voss,Active Assailant,Australia,Asia Pacific,Retail,,Renewal,2025-06-28,2026-06-28,Expired,AUD,1.93,19320,10010.36,0.2152,2154.23
BTD-2025-00560,Ardenvale Mining Corporation,Callum Reid,Cyber,Italy,Europe,Retail,,New Business,2025-07-01,2026-07-01,Live,EUR,1.17,15210,13000.0,0.1543,2005.9
BTD-2024-00196,Dunmarrow Agriculture,Marcus Ridley,Liability,Japan,Asia Pacific,Retail,,Renewal,2024-07-21,2025-01-21,Renewed,usd,1.27,10060,7921.26,0.186,1473.35
BTD-2025-00453,Westhaven Cruises,Priya Nandakumar,Terrorism,Guernsey,UK & Ireland,Retail,,New Business,2025-04-15,2026-04-15,Renewed,GBP,1.0,5270,-5270.0,0.1876,-988.65
BTD-2024-00207,Dunmarrow Agriculture,Priya Nandakumar,Personal Accident,United Kingdom,UK & Ireland,Retail,,New Business,2024-07-10,2025-07-10,Expired,GBP,1.0,3700,3700.0,0.1962,725.94
BTD-2025-00533,Marchwood Engineering,Sofia Almeida,Prof Indemnity,Ukraine,Europe,Wholesale,Grindley Risk Services,New Business,2025-06-18,2026-06-18,Renewed,USD,1.27,21680,17070.87,0.0781,1333.23
BTD-2026-00749,Brackenhill Logistics,Tom Beckwith,Kidnap & Ransom,UK,UK & Ireland,Retail,,Renewal,2026-01-07,2027-01-07,Live,GBP,1.0,16900,16900.0,0.2668,4508.92
BTD-2024-00244,Elmsworth Manufacturing,Tom Beckwith,Personal Accident,Greece,Europe,Retail,,Renewal,2024-09-01,2026-09-01,Live,EUR,1.17,5870,5017.09,0.1952,979.34
BTD-2025-00363,Glenmarch Textiles,Sofia Almeida,Political Violence,Mexico,Latin America,Retail,,New Business,2025-01-01,2026-01-01,Expired,USD,1.27,76180,59984.25,0.2133,12794.64
BTD-2025-00572,Ashcombe Analytics,Callum Reid,Professional Indemnity,USA,North America,Wholesale,Denholm Marsh Brokers,New Business,2025-07-01,2026-07-01,Live,USD,1.27,15940,12551.18,0.0774,971.46
BTD-2025-00337,Cleveland Row Partners,Sofia Almeida,Professional Indemnity,United States,North America,Retail,,New Business,2025-01-24,2026-01-24,Renewed,USD,1.27,11860,9338.58,0.1478,1380.24
BTD-2026-00822,Wickenby Defence Systems,Marcus Ridley,D&O,Canada,North America,Wholesale,Eastgate Commercial Risks,Renewal,2026-03-01,2027-03-01,Live,CAD,1.72,17050,9912.79,0.088,872.33
BTD-2024-00176,Harrowgate Resources Group,Eleanor Voss,Terrorism,United Kingdom,UK & Ireland,Wholesale,Kilbride Risk Advisers,Renewal,2024-07-18,2025-07-18,Renewed,GBP,1.0,12650,12650.0,0.1181,1493.96
BTD-2024-00301,Pentreath Marine,Marcus Ridley,Liability,South Africa,Middle East & Africa,Wholesale,Lansdowne Brokers Group,Renewal,2024-11-01,2025-11-01,Renewed,ZAR,23.5,287400,12229.79,0.0931,1138.59
BTD-2026-00756,Orrinshaw Media Group,Tom Beckwith,Active Assailant,UK,UK & Ireland,Retail,,Renewal,2026-01-01,2027-01-01,Live,GBP,1.0,13420,13420.0,0.223,2992.66
BTD-2024-00070,Yarnholme Packaging,Tom Beckwith,Active Assailant,Israel,Middle East & Africa,Retail,,Renewal,2024-02-21,2025-02-21,Renewed,USD,1.27,17360,13669.29,0.2303,3148.04
BTD-2026-00782,Kestrel Field Services,Marcus Ridley,Liability,United Kingdom,UK & Ireland,Retail,,New Business,2026-01-21,2027-01-21,Live,GBP,1.0,54740,54740.0,0.181,9907.94
BTD-2024-00116,Northgate Pharmaceuticals,Eleanor Voss,Kidnap & Ransom,United Kingdom,UK & Ireland,Retail,,New Business,2024-04-01,2024-10-01,Renewed,GBP,1.0,5590,5590.0,0.2381,1330.98
BTD-2025-00684,Halloway Security Group,Priya Nandakumar,Marine Cargo,United Kingdom,UK & Ireland,Wholesale,Fairweather & Co,New Business,2025-11-01,2026-11-01,Live,GBP,1.0,1730,1730.0,0.0651,112.62
BTD-2026-00915,Strathallan Whisky Co,Callum Reid,Professional Indemnity,United Kingdom,UK & Ireland,Wholesale,Jardine Wray Partners,New Business,2026-05-23,2027-05-23,Live,GBP,1.0,4280,4280.0,0.088,376.64
BTD-2024-00036,Kestrel Field Services,Sofia Almeida,Political Violence,South Africa,Middle East & Africa,Wholesale,Barrenger Insurance Brokers,New Business,2024-01-01,2025-01-01,Renewed,ZAR,23.5,1772000,75404.26,0.117,8822.3
BTD-2025-00436,Orrinshaw Media Group,Priya Nandakumar,Active Assailant,Israel,Middle East & Africa,Retail,,Renewal,2025-03-21,2026-03-21,Renewed,USD,1.27,17530,13803.15,0.2395,3305.85
BTD-2024-00084,Merrowdale Timber,Tom Beckwith,Marine Cargo,Ukraine,Europe,Retail,,New Business,2024-03-13,2025-03-13,Expired,USD,1.27,6300,4960.63,0.1214,602.22
BTD-2024-00083,Caldwell Maritime Holdings,Eleanor Voss,K&R,Greece,Europe,Retail,,New Business,2024-03-11,2025-03-11,Renewed,EUR,1.17,31150,26623.93,0.2555,6802.41
BTD-2025-00465,Thornbury Aid Foundation,Priya Nandakumar,D&O,Ireland,UK & Ireland,Wholesale,Barrenger Insurance Brokers,Renewal,2025-04-01,2026-04-01,Renewed,EUR,1.17,38960,33299.15,0.0787,2620.64
BTD-2024-00108,Saltmarsh Infrastructure plc,E Voss,Kidnap & Ransom,United Kingdom,UK & Ireland,Wholesale,Ainsworth & Pike,New Business,2024-04-01,2026-04-01,Expired,GBP,1.0,15390,15390.0,0.1363,2097.66
BTD-2024-00240,Tarnbeck Utilities,Priya Nandakumar,Personal Accident,United Kingdom,UK & Ireland,Wholesale,Barrenger Insurance Brokers,New Business,2024-09-01,2025-03-01,Expired,GBP,1.0,2340,2340.0,0.1085,253.89
BTD-2025-00706,Barrowfield Housing,Sofia Almeida,Marine Cargo,Greece,Europe,Retail,,Renewal,2025-12-01,2026-12-01,Live,EUR,1.17,5310,4538.46,0.1178,534.63
BTD-2024-00255,Grantley Sports Holdings,Marcus Ridley,Cyber,United Kingdom,UK & Ireland,Wholesale,Norbury Risk Solutions,Renewal,2024-09-01,2025-09-01,Renewed,GBP,1.0,4480,4480.0,0.0816,365.57
BTD-2025-00690,Kestrel Field Services,Priya Nandakumar,Marine Cargo,Italy,Europe,Retail,,New Business,2025-11-01,2026-11-01,Live,EUR,1.17,6130,5239.32,0.1294,677.97
BTD-2024-00170,Kestrel Field Services,Priya Nandakumar,Marine Cargo,Italy,Europe,Wholesale ,Jardine Wray Partners,New Business,2024-06-01,2025-06-01,Expired,EUR,1.17,18960,16205.13,0.0698,1131.12
BTD-2025-00468,Sandringham Bio,Marcus Ridley,Liability,UK,UK & Ireland,Retail,,Renewal,2025-04-27,2026-04-27,Renewed,GBP,1.0,13030,13030.0,0.1865,2430.09
BTD-2025-00663,Draycote Systems,Priya Nandakumar,Fixated Threat,United Kingdom,UK & Ireland,Wholesale,Ivory Lane Insurance,Renewal,2025-10-01,2026-10-01,Live,GBP,1.0,1490,1490.0,0.1295,192.96
BTD-2026-00815,Ormsgill Cement,Marcus Ridley,Kidnap and Ransom,United Kingdom,UK & Ireland,Wholesale,Fairweather & Co,Renewal,2026-02-01,2027-02-01,Live,GBP,1.0,11170,11170.0,0.1405,1569.39
BTD-2026-00726,Carrowmore Shipping,Tom Beckwith,Kidnap & Ransom,United Kingdom,UK & Ireland,Retail,,Renewal,2026-01-24,2027-01-24,Live,GBP,1.0,31530,31530.0,0.2412,7605.04
BTD-2024-00038,Merrowdale Timber,Eleanor Voss,Kidnap & Ransom,United Kingdom,UK & Ireland,Retail,,Renewal,2024-01-01,2025-01-01,Renewed,GBP,1.0,6470,6470.0,0.2467,1596.15
BTD-2025-00678,Northgate Pharmaceuticals,Eleanor Voss,Political Violence,Hong Kong,Asia Pacific,Retail,,Renewal,2025-11-01,2026-11-01,Live,USD,1.27,86780,68330.71,0.1905,13017.0
BTD-2024-00101,Zenmoor Technologies,Tom Beckwith,Active Assailant,USA,North America,Wholesale,Norbury Risk Solutions,Renewal,2024-04-17,2025-04-17,Expired,USD,1.27,5330,4196.85,0.1187,498.17
BTD-2026-00798,Halloway Security Group,Sofia Almeida,Terrorism,Canada,North America,Wholesale,Kilbride Risk Advisers,New Business,2026-02-01,2027-02-01,Live,CAD,1.72,17510,10180.23,0.1184,1205.34
BTD-2025-00677,Tarnbeck Utilities,Marcus Ridley,Liability,United Kingdom,UK & Ireland,Wholesale,Grindley Risk Services,New Business,2025-11-01,2026-11-01,Live,GBP,1.0,7580,7580.0,0.0998,756.48
BTD-2024-00270,Newlyn Bay Fisheries,Tom Beckwith,Terrorism,Canada,North America,Retail,,New Business,06/10/2024,2025-10-06,Renewed,CAD,1.72,11940,6941.86,0.2004,1391.15
BTD-2025-00439,Shawbury Aerospace,Sofia Almeida,Personal Accident,Netherlands,Europe,Retail,,New Business,2025-03-12,2026-03-12,Expired,EUR,1.17,8390,7170.94,0.2062,1478.65
BTD-2026-00868,Everleigh Cosmetics,Eleanor Voss,Product Recall,Hong Kong,Asia Pacific,Wholesale,Denholm Marsh Brokers,Renewal,2026-04-01,2027-04-01,Live,USD,1.27,27120,21354.33,0.0969,2069.23
BTD-2024-00318,Crayford Dynamics,Sofia Almeida,Political Violence,Ukraine,Europe,Wholesale,Hollowell Brokers Ltd,Renewal,2024-12-01,2025-12-01,Expired,USD,1.27,116300,91574.8,0.1167,10686.78
BTD-2026-00742,Thornbury Aid Foundation,Sofia Almeida,Product Recall,Kenya,Middle East & Africa,Retail,,Renewal,2026-01-01,2026-07-01,Live,USD,1.27,41390,32590.55,0.1736,5657.72
BTD-2026-00797,Alderney Freight Ltd,Sofia Almeida,Product Recall,Japan,Asia Pacific,Retail,,New Business,2026-02-01,2027-02-01,Live,USD,1.27,32490,25582.68,0.1803,4612.56
BTD-2025-00561,Ardenvale Mining Corporation,Marcus Ridley,Active Assailant,United Kingdom,UK & Ireland,Wholesale,Merrivale Insurance Partners,Renewal,2025-07-01,2026-07-01,Live,GBP,1.0,41760,41760.0,0.1185,4948.56
BTD-2024-00189,Halloway Security Group,Priya Nandakumar,Personal Accident,Italy,Europe,Wholesale,Barrenger Insurance Brokers,New Business,2024-07-01,2025-07-01,Renewed,EUR,1.17,7380,6307.69,0.1125,709.62
BTD-2024-00193,Thornbury Aid Foundation,Sofia Almeida,Terrorism,Switzerland,Europe,Retail,,New Business,2024-07-01,2025-07-01,Expired,EUR,1.17,86690,74094.02,0.2155,15967.26
BTD-2025-00408,Corrieburn Energy,Marcus Ridley,Product Recall,United Kingdom,UK & Ireland,Wholesale,Barrenger Insurance Brokers,Renewal,2025-02-13,2026-02-13,Renewed,GBP,1.0,18420,18420.0,0.1032,1900.94
BTD-2025-00606,Barrowfield Housing,Priya Nandakumar,PI,Greece,Europe,Wholesale,Hollowell Brokers Ltd,New Business,2025-08-24,2026-02-24,Expired,EUR,1.17,11010,9410.26,0.0884,831.87
BTD-2025-00530,Wickenby Defence Systems,Tom Beckwith,Kidnap & Ransom,United Kingdom,UK & Ireland,Wholesale,Ainsworth & Pike,New Business,2025-06-01,2026-06-01,Expired,GBP,1.0,5930,5930.0,0.1448,858.66
BTD-2025-00330,Zenmoor Technologies,Priya Nandakumar,Liability,Canada,North America,Wholesale,Jardine Wray Partners,New Business,2025-01-21,2026-01-21,Expired,CAD,1.72,23030,13389.53,0.0892,1194.35
BTD-2025-00398,Dunmarrow Agriculture,Tom Beckwith,Product Recall,Guernsey,UK & Ireland,Retail,,New Business,2025-02-18,2026-02-18,Renewed,GBP,1.0,11920,11920.0,0.1661,1979.91
BTD-2025-00639,Merrowdale Timber,Priya Nandakumar,Liability,Ireland,UK & Ireland,Wholesale,Hollowell Brokers Ltd,New Business,2025-10-01,2026-04-01,Renewed,EUR,1.17,14140,12085.47,0.1013,1224.26
BTD-2025-00373,Merrowdale Timber,Tom Beckwith,Terrorism,Canada,North America,Retail,,New Business,2025-01-12,2026-01-12,Renewed,CAD,1.72,24830,14436.05,0.1952,2817.92
BTD-2026-00758,Applecross Distilling,Sofia Almeida,Product Recall,Israel,Middle East & Africa,Wholesale,Calderstone Risk Partners,Renewal,2026-01-18,2027-01-18,Live,USD,1.27,101000,79527.56,0.0988,7857.32
BTD-2026-00795,Strathallan Whisky Co,Sofia Almeida,Personal Accident,Switzerland,Europe,Wholesale,Lansdowne Brokers Group,Renewal,2026-02-01,2027-02-01,Live,EUR,1.17,16690,14264.96,0.1092,1557.73
BTD-2026-00725,Elmsworth Manufacturing,Callum Reid,Marine Cargo,United Kingdom,UK & Ireland,Wholesale,Calderstone Risk Partners,New Business,2026-01-01,2027-01-01,Live,GBP,1.0,7370,7370.0,0.0741,546.12
BTD-2024-00090,Grantley Sports Holdings,Marcus Ridley,Liability,Mexico,Latin America,Retail,,New Business,2024-03-01,2025-03-01,Renewed,USD,1.27,7710,6070.87,0.1862,1130.4
BTD-2025-00540,Draycote Systems,Tom Beckwith,K&R,Canada,North America,Wholesale,Ainsworth & Pike,New Business,2025-07-15,2026-07-15,Live,CAD,1.72,10380,6034.88,0.13,784.53
BTD-2025-00645,Meridian Vale Energy,Marcus Ridley,D&O,United Kingdom,UK & Ireland,Retail,,Renewal,2025-10-01,2026-10-01,Live,GBP,1.0,17320,17320.0,0.1538,2663.82
BTD-2025-00609,Redcastle Minerals,Priya Nandakumar,Marine Cargo,Canada,North America,Retail,,New Business,2025-09-01,2026-09-01,Live,CAD,1.72,5440,3162.79,0.1337,422.87
BTD-2026-00734,Alderney Freight Ltd,Tom Beckwith,K&R,United Kingdom,UK & Ireland,Retail,,Renewal,2026-01-08,2027-01-08,Live,GBP,1.0,7180,7180.0,0.2538,1822.28
BTD-2026-00931,Westhaven Cruises,Marcus Ridley,D&O,United Kingdom,UK & Ireland,Retail,,Renewal,2026-06-04,2027-06-04,Live,GBP,1.0,12560,12560.0,0.1554,1951.82
BTD-2026-00780,Sandringham Bio,Tom Beckwith,Terrorism,Canada,North America,Wholesale,Calderstone Risk Partners,Renewal,2026-01-27,2028-01-27,Live,CAD,1.72,49570,28819.77,0.1084,3124.06
BTD-2026-00873,Brackenhill Logistics,Sofia Almeida,Fixated Threat,Hong Kong,Asia Pacific,Retail,,New Business,2026-04-16,2027-04-16,Live,USD,1.27,11400,8976.38,0.2566,2303.34
BTD-2025-00413,Thornbury Aid Foundation,Eleanor Voss,Terrorism,United Kingdom,UK & Ireland,Retail,,New Business,2025-02-26,2027-02-26,Live,GBP,1.0,46780,"46,780.00",0.1895,"8,864.81"
BTD-2025-00707,Brackenhill Logistics,Tom Beckwith,Kidnap and Ransom,United States,North America,Wholesale,Calderstone Risk Partners,Renewal,2025-12-11,2026-12-11,Live,USD,1.27,44510,35047.24,0.1316,4612.22
BTD-2025-00539,Saltmarsh Infrastructure plc,Sofia Almeida,Marine Cargo,Spain,Europe,Wholesale,Jardine Wray Partners,New Business,2025-07-07,2026-07-07,Live,EUR,1.17,19080,16307.69,0.0713,1162.74
BTD-2024-00065,Larkspur Hotels Group,Eleanor Voss,Political Violence,Germany,Europe,Wholesale,Merrivale Insurance Partners,New Business,2024-02-11,2025-02-11,Expired,EUR,1.17,39690,33923.08,0.1052,3568.71
BTD-2025-00541,Brackenhill Logistics,Tom Beckwith,Political Violence,Japan,Asia Pacific,Retail,,New Business,2025-07-01,2026-07-01,Live,USD,1.27,91940,72393.7,0.2069,14978.26
BTD-2024-00087,Yarnholme Packaging,Marcus Ridley,Personal Accident,Australia,Asia Pacific,Wholesale,Ainsworth & Pike,New Business,2024-03-01,2025-03-01,Renewed,AUD,1.93,6260,3243.52,0.1101,357.11
BTD-2024-00118,Langmere Telecom,Marcus Ridley,Cyber,Netherlands,Europe,Wholesale,Kilbride Risk Advisers,New Business,2024-04-01,2025-04-01,Expired,EUR,1.17,11620,9931.62,0.0877,871.0
BTD-2026-00834,Harrowgate Resources Group,Priya Nandakumar,Marine Cargo,Greece,Europe,Wholesale,Calderstone Risk Partners,New Business,2026-03-13,2027-03-13,Live,EUR,1.17,7340,6273.5,0.0668,419.07
BTD-2026-00784,Stonegrave Construction,Marcus Ridley,Fixated Threat,Greece,Europe,Wholesale,Ivory Lane Insurance,New Business,2026-01-01,2027-01-01,Live,EUR,1.17,7610,6504.27,0.1421,924.26
BTD-2025-00646,Crayford Dynamics,Callum Reid,Professional Indemnity,United Kingdom,UK & Ireland,Wholesale,Kilbride Risk Advisers,New Business,2025-10-01,2026-10-01,Live,GBP,1.0,16840,16840.0,0.088,1481.92
BTD-2025-00578,Newlyn Bay Fisheries,Sofia Almeida,Product Recall,Japan,Asia Pacific,Retail,,New Business,2025-07-05,2026-01-05,Renewed,USD,1.27,44320,34897.64,0.1828,6379.29
BTD-2026-00821,Caldwell Maritime Holdings,Priya Nandakumar,Liability,Canada,North America,Wholesale,Denholm Marsh Brokers,New Business,2026-03-01,2027-03-01,Live,CAD,1.72,23300,13546.51,0.0893,1209.7
BTD-2025-00673,Newlyn Bay Fisheries,Marcus Ridley,Active Assailant,United Kingdom,UK & Ireland,Wholesale,Ainsworth & Pike,Renewal,2025-11-21,2026-11-21,Live,GBP,1.0,7370,7370.0,0.1327,978.0
BTD-2026-00841,Coldharbour Estates,Sofia Almeida,Product Recall,Germany,Europe,Wholesale,Eastgate Commercial Risks,New Business,2026-03-01,2027-03-01,Live,EUR,1.17,53420,45658.12,0.0963,4396.88
BTD-2026-00898,Wrayburn Motors,Tom Beckwith,Kidnap & Ransom,Canada,North America,Wholesale,Grindley Risk Services,Renewal,2026-05-01,2027-05-01,Live,CAD,1.72,19530,11354.65,0.1362,1546.5
BTD-2026-00843,Fordwich Legal Group,Eleanor Voss,Political Violence,Canada,North America,Retail,,New Business,2026-03-01,2027-03-01,Live,CAD,1.72,62000,36046.51,0.208,7497.67
BTD-2026-00890,Fordwich Legal Group,Priya Nandakumar,Personal Accident,United Kingdom,UK & Ireland,Wholesale,Ollerton & Hale,New Business,2026-04-11,2027-04-11,Live,GBP,1.0,1730,1730.0,0.1115,192.9
BTD-2025-00505,Fordwich Legal Group,Sofia Almeida,Marine Cargo,UK,UK & Ireland,Retail,,Renewal,2025-05-05,2026-05-05,Renewed,GBP,1.0,7740,7740.0,0.1281,991.49
BTD-2026-00947,Halloway Security Group,Marcus Ridley,Fixated Threat,USA,North America,Wholesale,Ainsworth & Pike,Renewal,2026-06-09,2027-06-09,Live,USD,1.27,3280,2582.68,0.1318,340.4
BTD-2026-00909,Ravensworth Trading,Eleanor Voss,Political Violence,UK,UK & Ireland,Retail,,Renewal,2026-05-01,2027-05-01,Live,GBP,1.0,50230,50230.0,0.215,10799.45
BTD-2025-00595,Wrayburn Motors,Tom Beckwith,Kidnap & Ransom,United Kingdom,UK & Ireland,Wholesale,Kilbride Risk Advisers,Renewal,2025-08-23,2026-08-23,Live,GBP,1.0,11890,11890.0,0.1425,1694.32
BTD-2025-00369,Silverdale Data Centres,Marcus Ridley,D&O,United States,North America,Wholesale,Norbury Risk Solutions,New Business,2025-01-08,2026-01-08,Renewed,USD,1.27,27710,21818.9,0.0803,1752.06
BTD-2024-00061,Saltmarsh Infrastructure plc,Tom Beckwith,Active Assailant,Canada,North America,Wholesale,Barrenger Insurance Brokers,New Business,2024-02-13,2025-02-13,Renewed,CAD,1.72,17100,9941.86,0.1293,1285.48
BTD-2025-00564,Thornbury Aid Foundation,Marcus Ridley,Active Assailant,Canada,North America,Wholesale ,Ainsworth & Pike,Renewal,2025-07-01,2026-07-01,Live,CAD,1.72,14630,8505.81,0.1191,1013.04
BTD-2024-00152,Quenby Insurance Services,Priya Nandakumar,Liability,United Kingdom,UK & Ireland,Wholesale ,Ainsworth & Pike,New Business,2024-06-02,2025-06-02,Renewed,GBP,1.0,3240,3240.0,0.1038,336.31
BTD-2024-00026,Zenmoor Technologies,Marcus Ridley,Product Recall,United Kingdom,UK & Ireland,Retail,,New Business,01/01/2024,2025-01-01,Renewed,GBP,1.0,15190,15190.0,0.1763,2678.0
BTD-2024-00141,Vellacott Agritech,Marcus Ridley,Professional Indemnity,UK,UK & Ireland,Wholesale,Eastgate Commercial Risks,Renewal,2024-05-14,2025-05-14,Renewed,GBP,1.0,20660,20660.0,0.0862,1780.89
BTD-2025-00522,Oakhampton Retail Holdings,Eleanor Voss,Political Violence,Germany,Europe,Wholesale,Grindley Risk Services,Renewal,2025-06-01,2026-06-01,Expired,EUR,1.17,28280,24170.94,0.1164,2813.5
BTD-2025-00437,Bramfield Chemicals,Sofia Almeida,Political Violence,Netherlands,Europe,Retail,,New Business,2025-03-01,2027-03-01,Live,EUR,1.17,36490,31188.03,0.1918,5981.86
BTD-2025-00651,Ledbury Green Power,Eleanor Voss,Kidnap & Ransom,United Kingdom,UK & Ireland,Wholesale,Ollerton & Hale,Renewal,2025-10-01,2026-10-01,Live,GBP,1.0,8770,8770.0,0.128,1122.56
BTD-2024-00179,Zenmoor Technologies,Eleanor  Voss,Professional Indemnity,Malaysia,Asia Pacific,Wholesale,Ainsworth & Pike,New Business,2024-07-01,2025-07-01,Renewed,USD,1.27,12260,9653.54,0.0859,829.24
BTD-2025-00444,Thornbury Aid Foundation,Eleanor Voss,Political Violence,United Kingdom,UK & Ireland,Retail,,Renewal,2025-03-21,2025-09-21,Renewed,GBP,1.0,73480,73480.0,0.1875,13777.5
BTD-2025-00525,Whitmoor Recycling,Eleanor Voss,Active Assailant,USA,North America,Retail,,New Business,2025-06-03,2026-06-03,Renewed,USD,1.27,15930,12543.31,0.2235,2803.43
BTD-2026-00845,Whitmoor Recycling,Priya Nandakumar,Liability,Canada,North America,Wholesale,Merrivale Insurance Partners,New Business,2026-03-01,2027-03-01,Live,CAD,1.72,36100,20988.37,0.0943,1979.2
BTD-2026-00908,Willowbrook Care Group,Marcus Ridley,Active Assailant,Canada,North America,Retail,,New Business,2026-05-01,2027-05-01,Live,CAD,1.72,25220,14662.79,0.2401,3520.54
BTD-2025-00676,Northgate Pharmaceuticals,Tom Beckwith,Terrorism,United Kingdom,UK & Ireland,Retail,,Renewal,2025-11-18,2026-11-18,Live,GBP,1.0,44810,44810.0,0.2096,9392.18
BTD-2024-00222,Coldharbour Estates,Tom Beckwith,Personal Accident,Australia,Asia Pacific,Retail,,Renewal,2024-08-17,2025-08-17,Renewed,AUD,1.93,2120,1098.45,0.1998,219.47
BTD-2024-00212,Whitmoor Recycling,Tom Beckwith,Fixated Threat,Guernsey,UK & Ireland,Wholesale,Ivory Lane Insurance,Renewal,20/07/2024,2026-07-20,Live,GBP,1.0,5210,5210.0,0.1279,666.36
BTD-2025-00652,Whitmoor Recycling,Priya Nandakumar,Personal Accident,UK,UK & Ireland,Wholesale,Grindley Risk Services,New Business,2025-10-01,2026-10-01,Live,GBP,1.0,4030,4030.0,0.1115,449.34
BTD-2024-00145,Ashcombe Analytics,E Voss,Product Recall,Ireland,UK & Ireland,Wholesale,Barrenger Insurance Brokers,New Business,2024-05-13,2025-05-13,Renewed,EUR,1.17,30250,25854.7,0.0889,2298.48
BTD-2025-00529,Ardenvale Mining Corporation,Tom Beckwith,Cyber,United Kingdom,UK & Ireland,Retail,,Renewal,2025-06-01,2026-06-01,Expired,GBP,1.0,22560,22560.0,0.1511,3408.82
BTD-2024-00102,Westhaven Cruises,Marcus Ridley,Liability,Hong Kong,Asia Pacific,Wholesale,Denholm Marsh Brokers,New Business,2024-04-24,2025-04-24,Renewed,USD,1.27,9670,7614.17,0.1038,790.35
BTD-2024-00304,Ravensworth Trading,Tom Beckwith,Marine Cargo,UK,UK & Ireland,Retail,,Renewal,2024-11-01,2025-11-01,Expired,GBP,1.0,4510,4510.0,0.1192,537.59
BTD-2025-00438,Crayford Dynamics,Eleanor  Voss,Product Recall,United Arab Emirates,Middle East & Africa,Retail,,Renewal,2025-03-01,2026-03-01,Renewed,USD,1.27,62890,49519.69,0.1631,8076.66
BTD-2025-00625,Hartsmere Aviation,Eleanor Voss,Kidnap & Ransom,United Kingdom,UK & Ireland,Retail,,Renewal,2025-09-01,2026-09-01,Live,GBP,1.0,12270,12270.0,0.2662,3266.27
BTD-2026-00858,Yeadon Rail Services,Priya Nandakumar,Fixated Threat,Ukraine,Europe,Wholesale,Ollerton & Hale,Renewal,2026-04-19,2026-10-19,Live,USD,1.27,6210,4889.76,0.1477,722.22
BTD-2024-00020,Fairholme Capital Partners,Eleanor Voss,Political Violence,United Kingdom,UK & Ireland,Wholesale,Norbury Risk Solutions,New Business,2024-01-01,2025-01-01,Renewed,GBP,1.0,20160,20160.0,0.1038,2092.61
BTD-2024-00168,Strathallan Whisky Co,Sofia Almeida,Terrorism,Greece,Europe,Wholesale,Kilbride Risk Advisers,Renewal,2024-06-01,2025-06-01,Renewed,EUR,1.17,21730,18572.65,0.1049,1948.27
BTD-2025-00548,Caldwell Maritime Holdings,Priya Nandakumar,Fixated Threat,United Kingdom,UK & Ireland,Wholesale,Jardine Wray Partners,New Business,2025-07-01,2026-07-01,Live,GBP,1.0,1860,1860.0,0.1331,247.57
BTD-2025-00507,Ardenvale Mining Corporation,Marcus Ridley,D&O,Australia,Asia Pacific,Retail,,Renewal,2025-06-01,2026-06-01,Expired,AUD,1.93,172700,89481.87,0.1465,13109.09
BTD-2025-00431,Meridian Vale Energy,Marcus Ridley,Liability,United Kingdom,UK & Ireland,Wholesale,Ollerton & Hale,Renewal,13/03/2025,2026-03-13,Renewed,GBP,1.0,24670,24670.0,0.1033,2548.41
BTD-2024-00279,Ardenvale Mining Corporation,Tom Beckwith,Fixated Threat,USA,North America,Retail,,New Business,2024-10-01,2025-10-01,Expired,USD,1.27,7120,5606.3,0.2652,1486.79
BTD-2025-00454,Harrowgate Resources Group,Eleanor Voss,Political Violence,Germany,Europe,Retail,,Renewal,2025-04-05,2026-04-05,Expired,EUR,1.17,140700,120256.41,0.2091,25145.62
BTD-2025-00585,Meridian Vale Energy,Marcus Ridley,Cyber,USA,North America,Wholesale,Eastgate Commercial Risks,New Business,2025-07-15,2026-01-15,Renewed,USD,1.27,7840,6173.23,0.0861,531.51
BTD-2025-00357,Newlyn Bay Fisheries,Eleanor Voss,K&R,United Kingdom,UK & Ireland,Retail,,Renewal,2025-01-01,2026-01-01,Renewed,GBP,1.0,10790,10790.0,0.2517,2715.84
BTD-2024-00249,Underhill Logistics,Sofia Almeida,Marine Cargo,Kenya,Middle East & Africa,Wholesale,Barrenger Insurance Brokers,Renewal,2024-09-17,2025-03-17,Renewed,USD,1.27,2360,1858.27,0.0717,133.24
BTD-2026-00736,Westhaven Cruises,Marcus Ridley,D&O,United States,North America,Wholesale,Jardine Wray Partners,Renewal,2026-01-13,2027-01-13,Live,USD,1.27,20240,15937.01,0.083,1322.77
BTD-2026-00793,Saltmarsh Infrastructure plc,Priya Nandakumar,Fixated Threat,Israel,Middle East & Africa,Retail,,New Business,2026-02-07,2027-02-07,Live,USD,1.27,4510,3551.18,0.244,866.49
BTD-2025-00659,Kelsterne Beverages,Tom Beckwith,Terrorism,United Kingdom,UK & Ireland,Retail,,New Business,2025-10-20,2026-10-20,Live,GBP,1.0,11780,11780.0,0.2033,2394.87
BTD-2025-00555,Brackenhill Logistics,Callum Reid,Cyber,United Kingdom,UK & Ireland,Retail,,New Business,2025-07-06,2026-07-06,Live,GBP,1.0,45170,45170.0,0.1415,6391.55
BTD-2024-00198,Crayford Dynamics,Marcus Ridley,D&O,United Kingdom,UK & Ireland,Wholesale,Ivory Lane Insurance,New Business,2024-07-19,2025-07-19,Renewed,GBP ,1.0,11610,11610.0,0.0768,891.65
BTD-2024-00283,Underhill Logistics,Tom Beckwith,Personal Accident,United Kingdom,UK & Ireland,Retail,,New Business,2024-10-23,2025-10-23,Expired,GBP,1.0,4570,4570.0,0.1855,847.74
BTD-2024-00004,Salterton Electronics,Marcus Ridley,Liability,United Kingdom,UK & Ireland,Wholesale,Grindley Risk Services,New Business,2024-01-01,2026-01-01,Renewed,GBP,1.0,11500,11500.0,0.0963,1107.45
BTD-2025-00362,Northgate Pharmaceuticals,Sofia Almeida,Marine Cargo,Mexico,Latin America,Wholesale,Jardine Wray Partners,New Business,2025-01-01,2025-07-01,Renewed,USD,1.27,21220,16708.66,0.0735,1228.09
BTD-2024-00288,Inglefield Robotics,Marcus Ridley,Cyber,Canada,North America,Wholesale,Kilbride Risk Advisers,New Business,2024-10-01,2025-10-01,Expired,CAD,1.72,9780,5686.05,0.0796,452.61
BTD-2024-00278,Silverdale Data Centres,Priya Nandakumar,Fixated Threat,Canada,North America,Wholesale,Jardine Wray Partners,New Business,2024-10-01,2025-10-01,Renewed,CAD,1.72,10170,5912.79,0.1485,878.05
BTD-2026-00757,Cleveland Row Partners,Sofia Almeida,Terrorism,Switzerland,Europe,Wholesale,Barrenger Insurance Brokers,Renewal,2026-01-19,2027-01-19,Live,EUR,1.17,19790,16914.53,0.1151,1946.86
BTD-2026-00760,Harrowgate Resources Group,Eleanor Voss,Terrorism,Ukraine,Europe,Retail,,Renewal,2026-01-23,2027-01-23,Live,usd,1.27,60150,47362.2,0.2068,9794.5
BTD-2024-00080,Stonegrave Construction,Eleanor Voss,Liability,United Arab Emirates,Middle East & Africa,Retail,,New Business,2024-03-25,2025-03-25,Expired,USD,1.27,21060,16582.68,0.1764,2925.18
BTD-2026-00923,Caldwell Maritime Holdings,Marcus Ridley,Active Assailant,United Kingdom,UK & Ireland,Retail,,Renewal,2026-06-01,2027-06-01,Live,GBP,1.0,29710,29710.0,0.234,6952.14
BTD-2024-00052,Thornbury Aid Foundation,Tom Beckwith,Fixated Threat,Germany,Europe,Retail,,New Business,2024-01-19,2025-01-19,Expired,EUR,1.17,5610,4794.87,0.2615,1253.86
BTD-2026-00728,Melbray Renewables,Marcus Ridley,Cyber,United States,North America,Wholesale,Denholm Marsh Brokers,Renewal,2026-01-13,2027-01-13,Live,USD,1.27,4740,3732.28,0.0854,318.74
BTD-2026-00925,Orrinshaw Media Group,Marcus Ridley,Professional Indemnity,United Kingdom,UK & Ireland,Wholesale,Fairweather & Co,New Business,16/06/2026,2027-06-16,Live,GBP,1.0,23190,23190.0,0.0842,1952.6
BTD-2026-00796,Elmsworth Manufacturing,Priya Nandakumar,Personal Accident,United Kingdom,UK & Ireland,Retail,,Renewal,2026-02-01,2027-02-01,Live,GBP,1.0,5740,5740.0,0.2087,1197.94
BTD-2025-00608,Elmsworth Manufacturing,Eleanor Voss,Terrorism,Singapore,Asia Pacific,Wholesale,Barrenger Insurance Brokers,New Business,2025-09-18,2027-09-18,Live,USD,1.27,49140,"38,692.91",0.112,"4,333.61"
BTD-2024-00044,Ravensworth Trading,Priya Nandakumar,Liability,Hong Kong,Asia Pacific,Wholesale,Jardine Wray Partners,New Business,2024-01-21,2025-01-21,Renewed,USD,1.27,17310,13629.92,0.0908,1237.6
BTD-2024-00155,Shawbury Aerospace,Priya Nandakumar,Marine Cargo,United Kingdom,UK & Ireland,Wholesale,Ollerton & Hale,New Business,2024-06-02,2025-06-02,Renewed,GBP,1.0,2320,2320.0,0.0647,150.1
BTD-2026-00745,Fennmoor Water Services,Eleanor Voss,Active Assailant,Singapore,Asia Pacific,Retail,,Renewal,2026-01-01,2027-01-01,Live,USD,1.27,17920,14110.24,0.2121,2992.78
BTD-2025-00619,Ardenvale Mining Corporation,Marcus Ridley,D&O,Germany,Europe,Wholesale,Denholm Marsh Brokers,Renewal,2025-09-20,2026-09-20,Live,EUR,1.17,46100,39401.71,0.0777,3061.51
BTD-2024-00261,Newlyn Bay Fisheries,Priya Nandakumar,Fixated Threat,United Kingdom,UK & Ireland,Wholesale ,Merrivale Insurance Partners,New Business,2024-10-25,2025-10-25,Renewed,GBP,1.0,4730,4730.0,0.1302,615.85
BTD-2025-00596,Pillerton Pharma,Sofia Almeida,Marine Cargo,Philippines,Asia Pacific,retail,,Renewal,2025-08-01,2026-08-01,Live,USD,1.27,9730,7661.42,0.1163,891.02
BTD-2026-00914,Alderney Freight Ltd,Marcus Ridley,D&O,United Kingdom,UK & Ireland,Retail,,Renewal,2026-05-13,2026-11-13,Live,GBP,1.0,21680,21680.0,0.1571,3405.93
BTD-2026-00892,Zenmoor Technologies,Tom Beckwith,Active Assailant,Australia,Asia Pacific,Retail,,New Business,2026-05-09,2026-11-09,Live,AUD,1.93,24410,12647.67,0.2217,2803.99
BTD-2025-00571,Wardlow Precision,Marcus Ridley,Liability,United States,North America,Wholesale,Kilbride Risk Advisers,New Business,2025-07-15,2026-07-15,Live,US$,1.27,9680,7622.05,0.0899,685.22
BTD-2024-00317,Yeadon Rail Services,Eleanor Voss,Cyber,United Kingdom,UK & Ireland,Retail,,New Business,2024-12-02,2025-06-02,Renewed,GBP,1.0,4510,4510.0,0.1612,727.01
BTD-2024-00226,Merrowdale Timber,Priya Nandakumar,Fixated Threat,United States,North America,Retail,,New Business,2024-08-14,2025-08-14,Expired,USD,1.27,4460,3511.81,0.2351,825.63
BTD-2025-00699,Dunmarrow Agriculture,Priya Nandakumar,Marine Cargo,United Kingdom,UK & Ireland,Retail,,Renewal,2025-12-01,2026-12-01,Live,GBP,1.0,4800,4800.0,0.1216,583.68
BTD-2026-00759,Garrowby Petroleum,Priya Nandakumar,Personal Accident,US,North America,Retail,,New Business,2026-01-24,2027-01-24,Live,USD,1.27,8280,6519.69,0.1901,1239.39
BTD-2025-00710,Hartsmere Aviation,Marcus Ridley,Liability,United Kingdom,UK & Ireland,Retail,,New Business,2025-12-17,2026-12-17,Live,GBP,1.0,13810,13810.0,0.1728,2386.37
BTD-2024-00082,Caldwell Maritime Holdings,Priya Nandakumar,Marine Cargo,United Kingdom,UK & Ireland,Wholesale,Ollerton & Hale,New Business,2024-03-01,2025-03-01,Expired,GBP,1.0,2830,2830.0,0.0633,179.14
BTD-2025-00615,Westhaven Cruises,Priya Nandakumar,Fixated Threat,Malaysia,Asia Pacific,Wholesale,Ivory Lane Insurance,Renewal,2025-09-26,2026-03-26,Renewed,USD,1.27,1840,1448.82,0.1358,196.75
BTD-2026-00930,Pillerton Pharma,Sofia Almeida,Political Violence,United Kingdom,UK & Ireland,Wholesale ,Fairweather & Co,Renewal,2026-06-01,2027-06-01,Live,GBP,1.0,11800,11800.0,0.1143,1348.74
BTD-2024-00256,Nethercott Foods,Marcus Ridley,Professional Indemnity,United States,North America,Retail,,New Business,2024-09-01,2025-09-01,Renewed,USD,1.27,18650,"14,685.04",0.1487,"2,183.67"
BTD-2025-00464,Brackenhill Logistics,Eleanor Voss,Active Assailant,USA,North America,Retail,,Renewal,2025-04-23,2026-04-23,Expired,USD,1.27,65960,51937.01,0.2282,11852.03
BTD-2025-00672,Ashcombe Analytics,Callum Reid,D&O,Canada,North America,Wholesale,Eastgate Commercial Risks,Renewal,2025-11-01,2026-11-01,Live,CAD,1.72,23320,13558.14,0.0885,1199.9
BTD-2024-00077,Langmere Telecom,Marcus Ridley,Product Recall,United Kingdom,UK & Ireland,Wholesale,Ivory Lane Insurance,Renewal,2024-03-04,2025-03-04,Renewed,GBP,1.0,28110,28110.0,0.094,2642.34
BTD-2025-00457,Applecross Distilling,Eleanor Voss,Terrorism,United States,North America,Retail,,New Business,2025-04-15,2026-04-15,Renewed,USD,1.27,52340,41212.6,0.1844,7599.6
BTD-2024-00236,Thornbury Aid Foundation,Tom Beckwith,Kidnap and Ransom,United Kingdom,UK & Ireland,Retail,,Renewal,2024-08-06,2025-08-06,Renewed,GBP,1.0,14000,14000.0,0.2452,3432.8
BTD-2026-00777,Willowbrook Care Group,Callum Reid,Personal Accident,Australia,Asia Pacific,Wholesale,Barrenger Insurance Brokers,New Business,2026-01-18,2027-01-18,Live,AUD,1.93,20130,10430.05,0.1149,1198.41
BTD-2025-00338,Ormsgill Cement,Eleanor Voss,Professional Indemnity,Israel,Middle East & Africa,Wholesale,Ivory Lane Insurance,New Business,2025-01-01,2025-07-01,Renewed,USD,1.27,19770,15566.93,0.0853,1327.86
BTD-2024-00230,Glenmarch Textiles,Tom Beckwith,Product Recall,United States,North America,Wholesale,Grindley Risk Services,Renewal,21/08/2024,2025-08-21,Expired,USD,1.27,19750,15551.18,0.0951,1478.92
BTD-2025-00591,Kestrel Field Services,Tom Beckwith,Terrorism,United Kingdom,UK & Ireland,Retail,,New Business,2025-08-01,2026-08-01,Live,GBP,1.0,29600,29600.0,0.1969,5828.24
BTD-2025-00460,Melbray Renewables,Priya Nandakumar,Personal Accident,Colombia,Latin America,Wholesale,Lansdowne Brokers Group,New Business,2025-04-23,2026-04-23,Expired,USD,1.27,7780,6125.98,0.1112,681.21
BTD-2026-00853,Caldwell Maritime Holdings,Priya Nandakumar,Fixated Threat,United Kingdom,UK & Ireland,Retail,,New Business,2026-04-01,2027-04-01,Live,GBP,1.0,6770,6770.0,0.2535,1716.2
BTD-2026-00837,Bellhaven Foods Group,Sofia Almeida,Active Assailant,Guernsey,UK & Ireland,Wholesale ,Norbury Risk Solutions,Renewal,2026-03-02,2027-03-02,Live,GBP,1.0,27780,27780.0,0.1321,3669.74
BTD-2025-00605,Larkspur Hotels Group,Tom Beckwith,Fixated Threat,Ireland,UK & Ireland,Wholesale,Lansdowne Brokers Group,Renewal,2025-08-04,2026-08-04,Live,EUR,1.17,7230,6179.49,0.1416,875.02
BTD-2025-00429,Ardenvale Mining Corporation,Sofia Almeida,Political Violence,Netherlands,Europe,retail,,Renewal,2025-03-01,2026-03-01,Renewed,EUR,1.17,109800,93846.15,0.1906,17887.08
BTD-2025-00675,Caldwell Maritime Holdings,Eleanor Voss,Political Violence,United Kingdom,UK & Ireland,Retail,,Renewal,2025-11-16,2026-11-16,Live,GBP,1.0,172900,172900.0,0.2147,37121.63
BTD-2024-00190,Ormsgill Cement,Tom Beckwith,Kidnap and Ransom,Hong Kong,Asia Pacific,Wholesale,Lansdowne Brokers Group,New Business,2024-07-01,2025-07-01,Renewed,USD,1.27,13700,10787.4,0.127,1370.0
BTD-2025-00633,Elmsworth Manufacturing,Tom Beckwith,Terrorism,France,Europe,Retail,,Renewal,2025-09-01,2026-09-01,Live,EUR,1.17,16060,13726.5,0.1979,2716.47
BTD-2025-00339,Bramfield Chemicals,Tom Beckwith,Fixated Threat,Australia,Asia Pacific,Retail,,New Business,2025-01-01,2026-01-01,Renewed,AUD,1.93,3810,1974.09,0.2437,481.09
BTD-2025-00421,Inglefield Robotics,Priya Nandakumar,Personal Accident,United Kingdom,UK & Ireland,Wholesale,Norbury Risk Solutions,New Business,2025-03-20,2026-03-20,Renewed,GBP,1.0,11190,11190.0,0.1166,1304.75
BTD-2024-00032,Ashcombe Analytics,Marcus Ridley,Fixated Threat,United Arab Emirates,Middle East & Africa,Retail,,New Business,2024-01-23,2024-07-23,Renewed,USD,1.27,2860,2251.97,0.2419,544.75
BTD-2024-00014,Fennmoor Water Services,Tom Beckwith,Product Recall,France,Europe,Retail,,New Business,2024-01-01,2025-01-01,Expired,EUR,1.17,17360,14837.61,0.1675,2485.3
BTD-2025-00531,Bellhaven Foods Group,Priya Nandakumar,Marine Cargo,UK,UK & Ireland,Wholesale,Hollowell Brokers Ltd,Renewal,2025-06-19,2026-06-19,Renewed,GBP,1.0,5320,5320.0,0.0649,345.27
BTD-2024-00231,Silverdale Data Centres,Eleanor Voss,Political Violence,United Kingdom,UK & Ireland,Retail,,New Business,2024-08-23,2025-08-23,Renewed,GBP,1.0,25510,25510.0,0.2068,5275.47
BTD-2025-00504,Hexworthy Tunnelling,Sofia Almeida,Terrorism,United Kingdom,UK & Ireland,Retail,,Renewal,2025-05-01,2026-05-01,Expired,GBP,1.0,12960,12960.0,0.1998,2589.41
BTD-2026-00881,Fairholme Capital Partners,Marcus Ridley,Professional Indemnity,Philippines,Asia Pacific,Wholesale,Eastgate Commercial Risks,New Business,2026-04-01,2026-10-01,Live,USD,1.27,14630,11519.69,0.0862,993.0
BTD-2025-00501,Pentreath Marine,Sofia Almeida,Product Recall,France,Europe,Retail,,Renewal,2025-05-17,2026-05-17,Renewed,EUR,1.17,36720,31384.62,0.165,5178.46
BTD-2026-00871,Everleigh Cosmetics,Eleanor Voss,Kidnap and Ransom,Canada,North America,Wholesale,Fairweather & Co,Renewal,2026-04-01,2027-04-01,Live,CAD,1.72,16010,9308.14,0.1302,1211.92
BTD-2024-00120,Bellhaven Foods Group,Marcus Ridley,Fixated Threat,United Kingdom,UK & Ireland,Retail,,Renewal,2024-04-01,2024-10-01,Expired,GBP ,1.0,1910,1910.0,0.2345,447.9
BTD-2025-00422,Wrayburn Motors,Eleanor Voss,K&R,Canada,North America,Wholesale,Lansdowne Brokers Group,New Business,2025-03-28,2026-03-28,Renewed,CAD,1.72,32970,19168.6,0.1348,2583.93
BTD-2025-00492,Fairholme Capital Partners,marcus ridley,Cyber,Guernsey,UK & Ireland,Wholesale,Hollowell Brokers Ltd,Renewal,2025-05-03,2026-05-03,Renewed,GBP,1.0,3600,3600.0,0.0814,293.04
BTD-2025-00670,Winterbourne Labs,Priya Nandakumar,Fixated Threat,UK,UK & Ireland,Retail,,New Business,2025-10-01,2026-10-01,Live,GBP,1.0,2170,2170.0,0.2642,573.31
BTD-2024-00027,Orrinshaw Media Group,Tom Beckwith,Fixated Threat,Canada,North America,Wholesale,Grindley Risk Services,New Business,2024-01-01,2025-01-01,Renewed,CAD,1.72,6600,3837.21,0.1452,557.16
BTD-2026-00769,Stonegrave Construction,Tom Beckwith,D&O,United Kingdom,UK & Ireland,Wholesale,Hollowell Brokers Ltd,Renewal,2026-01-01,2027-01-01,Live,GBP,1.0,9280,9280.0,0.0796,738.69
BTD-2026-00744,Barrowfield Housing,Marcus Ridley,Product Recall,US,North America,Retail,,New Business,2026-01-01,2027-01-01,Live,USD,1.27,31220,24582.68,0.1749,4299.51
BTD-2024-00206,Whitmoor Recycling,Priya Nandakumar,Liability,China,Asia Pacific,Retail,,New Business,2024-07-01,2026-07-01,Live,USD,1.27,5350,4212.6,0.1782,750.69
BTD-2026-00916,Larkspur Hotels Group,Callum Reid,Cyber,United Kingdom,UK & Ireland,Wholesale ,Fairweather & Co,New Business,2026-05-05,2027-05-05,Live,GBP,1.0,9230,9230.0,0.0884,815.93
BTD-2024-00284,Hartsmere Aviation,Sofia Almeida,Product Recall,Cyprus,Europe,Wholesale,Jardine Wray Partners,Renewal,2024-10-17,2025-10-17,Renewed,EUR,1.17,34410,29410.26,0.0932,2741.04
BTD-2024-00021,Inglefield Robotics,Eleanor Voss,Liability,Greece,Europe,Retail,,Renewal,2024-01-05,2025-01-05,Renewed,EUR,1.17,6910,5905.98,0.1827,1079.02
BTD-2024-00161,Strathallan Whisky Co,Priya Nandakumar,Personal Accident,Israel,Middle East & Africa,Wholesale,Kilbride Risk Advisers,New Business,2024-06-16,2025-06-16,Renewed,USD,1.27,2960,2330.71,0.114,265.7
BTD-2024-00188,Marchwood Engineering,marcus ridley,Professional Indemnity,Singapore,Asia Pacific,Retail,,Renewal,2024-07-01,2025-07-01,Renewed,USD,1.27,6710,5283.46,0.1515,800.44
BTD-2024-00106,Blackwater Survey Co,Marcus Ridley,D&O,Cyprus,Europe,Wholesale,Hollowell Brokers Ltd,New Business,2024-04-01,2026-04-01,Renewed,EUR,1.17,12810,10948.72,0.0854,935.02
BTD-2024-00185,Havelock Steel,Priya Nandakumar,Liability,Canada,North America,Wholesale,Lansdowne Brokers Group,Renewal,2024-07-09,2025-07-09,Renewed,CAD,1.72,9130,5308.14,0.0981,520.73
BTD-2025-00495,Alderney Freight Ltd,Marcus Ridley,D&O,United Kingdom,UK & Ireland,Retail,,New Business,2025-05-15,2026-05-15,Renewed,GBP,1.0,18780,18780.0,0.1583,2972.87
BTD-2026-00732,Bramfield Chemicals,marcus ridley,Product Recall,Iraq,Middle East & Africa,Wholesale,Ivory Lane Insurance,New Business,2026-01-01,2027-01-01,Live,USD,1.27,25390,19992.13,0.0962,1923.24
BTD-2025-00641,Northgate Pharmaceuticals,Marcus Ridley,Professional Indemnity,United States,North America,Wholesale,Ollerton & Hale,New Business,2025-10-03,2026-10-03,Live,USD,1.27,28240,22236.22,0.0879,1954.56
BTD-2026-00943,Tregarthen Copper,Sofia Almeida,Marine Cargo,Ukraine,Europe,Wholesale,Lansdowne Brokers Group,New Business,2026-06-01,2027-06-01,Live,usd,1.27,5560,4377.95,0.0694,303.83
BTD-2026-00863,Ashcombe Analytics,Sofia Almeida,Kidnap & Ransom,United States,North America,Retail,,New Business,2026-04-27,2027-04-27,Live,USD,1.27,6410,5047.24,0.2458,1240.61
BTD-2025-00701,Brackenhill Logistics,Sofia Almeida,Product Recall,Ukraine,Europe,retail,,New Business,2025-12-13,2026-12-13,Live,USD,1.27,30520,24031.5,0.1645,3953.18
BTD-2025-00345,Halloway Security Group,Eleanor Voss,Kidnap & Ransom,United Kingdom,UK & Ireland,Wholesale,Ivory Lane Insurance,New Business,2025-01-15,2026-01-15,Renewed,GBP,1.0,9900,9900.0,0.1433,1418.67
BTD-2025-00686,Cleveland Row Partners,Tom Beckwith,Fixated Threat,Hong Kong,Asia Pacific,Retail,,Renewal,2025-11-01,2026-05-01,Expired,USD,1.27,4320,3401.57,0.268,911.62
BTD-2026-00874,Pentreath Marine,Tom Beckwith,Active Assailant,Canada,North America,Wholesale,Ollerton & Hale,Renewal,2026-04-01,2027-04-01,Live,CAD,1.72,48470,28180.23,0.1164,3280.18
BTD-2025-00644,Elmsworth Manufacturing,Marcus Ridley,Liability,South Africa,Middle East & Africa,Wholesale,Lansdowne Brokers Group,Renewal,2025-10-03,2026-10-03,Live,ZAR,23.5,435100,18514.89,0.0969,1794.09
BTD-2026-00800,Draycote Systems,Eleanor Voss,Cyber,UK,UK & Ireland,Retail,,Renewal,2026-02-01,2027-02-01,Live,GBP,1.0,15000,15000.0,0.1493,2239.5
BTD-2025-00452,Everleigh Cosmetics,Priya Nandakumar,Marine Cargo,Australia,Asia Pacific,Wholesale,Ivory Lane Insurance,Renewal,2025-04-05,2025-10-05,Renewed,AUD,1.93,3670,1901.55,0.068,129.31
BTD-2025-00406,Kestrel Field Services,Marcus Ridley,Professional Indemnity,Guernsey,UK & Ireland,Wholesale,Ivory Lane Insurance,New Business,2025-02-24,2026-02-24,Renewed,GBP,1.0,11130,11130.0,0.082,912.66
BTD-2024-00132,Havelock Steel,Tom Beckwith,Terrorism,Switzerland,Europe,Wholesale,Ivory Lane Insurance,New Business,2024-05-01,2025-05-01,Expired,EUR,1.17,3730,3188.03,0.1074,342.39
BTD-2024-00001,Ardenvale Mining Corporation,Tom Beckwith,Terrorism,UK,UK & Ireland,Retail,,Renewal,2024-01-19,2025-01-19,Renewed,GBP,1.0,35660,35660.0,0.2091,7456.51
BTD-2025-00441,Merrowdale Timber,Eleanor Voss,K&R,United Kingdom,UK & Ireland,Wholesale,Norbury Risk Solutions,New Business,2025-03-12,2026-03-12,Renewed,GBP,1.0,9690,9690.0,0.1448,1403.11
BTD-2024-00210,Fordwich Legal Group,Priya Nandakumar,Political Violence,United Kingdom,UK & Ireland,Retail,,Renewal,2024-07-26,2025-07-26,Renewed,GBP,1.0,15100,15100.0,0.2054,3101.54
BTD-2025-00587,Underhill Logistics,Marcus Ridley,Liability,Kenya,Middle East & Africa,Wholesale,Ainsworth & Pike,Renewal,2025-07-01,2026-07-01,Live,USD,1.27,11750,9251.97,0.0916,847.48
BTD-2025-00546,Fordwich Legal Group,Marcus Ridley,Kidnap & Ransom,Malaysia,Asia Pacific,Wholesale,Ivory Lane Insurance,Renewal,2025-07-10,2026-07-10,Live,USD,1.27,7770,6118.11,0.1324,810.04
BTD-2026-00733,Meridian Vale Energy,Tom Beckwith,Terrorism,United Kingdom,UK & Ireland,Retail,,New Business,2026-01-11,2027-01-11,Live,GBP,1.0,18450,18450.0,0.1897,3499.96
BTD-2025-00476,Everleigh Cosmetics,Tom Beckwith,Marine Cargo,Brazil,Latin America,Retail,,New Business,21/04/2025,2026-04-21,Renewed,USD,1.27,4330,3409.45,0.1233,420.39
BTD-2025-00479,Harrowgate Resources Group,Eleanor Voss,Product Recall,United Kingdom,UK & Ireland,Wholesale,Lansdowne Brokers Group,New Business,2025-04-01,2025-10-01,Expired,GBP,1.0,106300,106300.0,0.0967,10279.21
BTD-2026-00805,Tregarthen Copper,Tom Beckwith,Fixated Threat,United Kingdom,UK & Ireland,Wholesale,Eastgate Commercial Risks,Renewal,2026-02-12,2027-02-12,Live,GBP,1.0,2960,2960.0,0.1293,382.73
BTD-2024-00262,Dunmarrow Agriculture,Sofia Almeida,Cyber,Australia,Asia Pacific,Wholesale,Eastgate Commercial Risks,New Business,2024-10-01,2025-10-01,Renewed,AUD,1.93,33940,17585.49,0.0805,1415.63
BTD-2026-00810,Winterbourne Labs,Eleanor Voss,Terrorism,Australia,Asia Pacific,Retail,,Renewal,2026-02-27,2027-02-27,Live,AUD,1.93,41230,21362.69,0.1925,4112.32
BTD-2024-00016,Thurloe Investments,Sofia Almeida,Personal Accident,US,North America,Retail,,New Business,2024-01-08,2025-01-08,Renewed,USD,1.27,4730,3724.41,0.1993,742.27
BTD-2026-00842,Bramfield Chemicals,Eleanor Voss,Kidnap & Ransom,China,Asia Pacific,Retail,,Renewal,2026-03-01,2027-03-01,Live,usd,1.27,16580,13055.12,0.2371,3095.37
BTD-2024-00308,Caldwell Maritime Holdings,Sofia Almeida,Terrorism,Spain,Europe,Retail,,Renewal,2024-11-28,2025-11-28,Renewed,EUR,1.17,86450,73888.89,0.2137,15790.06
BTD-2024-00289,Sandringham Bio,Marcus Ridley,Professional Indemnity,Australia,Asia Pacific,Wholesale,Ivory Lane Insurance,Renewal,2024-10-09,2025-10-09,Renewed,AUD,1.93,14720,7626.94,0.0847,646.0
BTD-2025-00643,Thornbury Aid Foundation,Priya Nandakumar,Fixated Threat,United Kingdom,UK & Ireland,Retail,,New Business,2025-10-01,2026-10-01,Live,GBP,1.0,8960,8960.0,0.2592,2322.43
BTD-2025-00636,Thornbury Aid Foundation,Tom Beckwith,Cyber,Israel,Middle East & Africa,Retail,,Renewal,2025-10-08,2026-10-08,Live,USD,1.27,16830,13251.97,0.1421,1883.1
BTD-2025-00632,Winterbourne Labs,Eleanor Voss,Terrorism,Canada,North America,Retail,,Renewal,2025-09-07,2026-09-07,Live,CAD,1.72,36760,"21,372.09",0.1869,"3,994.44"
BTD-2026-00847,Kestrel Field Services,Tom Beckwith,Active Assailant,USA,North America,Retail,,New Business,2026-03-10,2027-03-10,Live,USD,1.27,21410,16858.27,0.2081,3508.21
BTD-2026-00844,Garrowby Petroleum,Eleanor Voss,Professional Indemnity,Australia,Asia Pacific,Retail,,New Business,2026-03-19,2027-03-19,Live,AUD,1.93,46470,24077.72,0.1481,3565.91
BTD-2025-00371,Oakhampton Retail Holdings,Sofia Almeida,Product Recall,Israel,Middle East & Africa,Retail,,Renewal,2025-01-28,2026-01-28,Renewed,USD,1.27,13030,10259.84,0.1874,1922.69
BTD-2026-00917,Orrinshaw Media Group,Marcus Ridley,Professional Indemnity,United States,North America,Wholesale ,Norbury Risk Solutions,Renewal,2026-05-01,2027-05-01,Live,USD,1.27,70070,55173.23,0.0872,4811.11
BTD-2024-00124,Silverdale Data Centres,Marcus Ridley,Liability,USA,North America,Wholesale,Hollowell Brokers Ltd,New Business,2024-04-01,2025-04-01,Renewed,USD,1.27,9100,7165.35,0.1017,728.72
BTD-2026-00937,Strathallan Whisky Co,Tom Beckwith,Political Violence,Singapore,Asia Pacific,Wholesale,Barrenger Insurance Brokers,Renewal,2026-06-06,2027-06-06,Live,USD,1.27,44350,34921.26,0.1045,3649.27
BTD-2025-00510,Wrayburn Motors,Priya Nandakumar,Product Recall,United States,North America,Wholesale,Barrenger Insurance Brokers,New Business,2025-06-14,2026-06-14,Renewed,USD,1.27,13350,10511.81,0.0989,1039.62
BTD-2026-00739,Yeadon Rail Services,Priya Nandakumar,Fixated Threat,United Kingdom,UK & Ireland,Retail,,Renewal,2026-01-24,2027-01-24,Live,GBP,1.0,3660,3660.0,0.2607,954.16
BTD-2024-00031,Crayford Dynamics,Marcus Ridley,Kidnap & Ransom,United Kingdom,UK & Ireland,Retail,,New Business,2024-01-22,2025-01-22,Renewed,GBP,1.0,6240,6240.0,0.2538,1583.71
BTD-2024-00213,Coldharbour Estates,Priya Nandakumar,Active Assailant,United Kingdom,UK & Ireland,Retail,,Renewal,2024-07-14,2025-07-14,Expired,GBP,1.0,4960,4960.0,0.2269,1125.42
BTD-2026-00889,Ardenvale Mining Corporation,Priya Nandakumar,Marine Cargo,Canada,North America,Retail,,Renewal,2026-04-20,2028-04-20,Live,CAD,1.72,9210,5354.65,0.1241,664.51
BTD-2025-00611,Orrinshaw Media Group,Sofia Almeida,Terrorism,Brazil,Latin America,Wholesale,Barrenger Insurance Brokers,New Business,23/09/2025,2026-03-23,Expired,USD,1.27,56330,44354.33,0.1109,4918.9
BTD-2024-00049,Thornbury Aid Foundation,Tom Beckwith,Kidnap & Ransom,Australia,Asia Pacific,Wholesale,Kilbride Risk Advisers,Renewal,2024-01-01,2025-01-01,Renewed,AUD,1.93,9440,4891.19,0.133,650.53
BTD-2025-00414,Orrinshaw Media Group,Eleanor Voss,Fixated Threat,United Arab Emirates,Middle East & Africa,Wholesale,Ainsworth & Pike,New Business,2025-02-01,2026-02-01,Renewed,USD,1.27,6660,5244.09,0.1294,678.59
BTD-2024-00097,Newlyn Bay Fisheries,Priya Nandakumar,Fixated Threat,United Kingdom,UK & Ireland,Wholesale,Merrivale Insurance Partners,Renewal,2024-03-01,2025-03-01,Expired,GBP,1.0,1490,1490.0,0.1354,201.75
BTD-2024-00131,Melbray Renewables,Sofia Almeida,Liability,Australia,Asia Pacific,Retail,,New Business,2024-05-01,2025-05-01,Renewed,AUD,1.93,19470,10088.08,0.1672,1686.73
BTD-2025-00412,Blackwater Survey Co,Marcus Ridley,Professional Indemnity,United States,North America,Wholesale,Grindley Risk Services,Renewal,25/02/2025,2026-02-25,Renewed,USD,1.27,7900,6220.47,0.078,485.2
BTD-2026-00836,Whitmoor Recycling,Sofia Almeida,Terrorism,Saudi Arabia,Middle East & Africa,Retail,,New Business,2026-03-17,2027-03-17,Live,USD,1.27,32720,25763.78,0.1979,5098.65
BTD-2026-00774,Ledbury Green Power,Marcus Ridley,Liability,Canada,North America,Wholesale,Lansdowne Brokers Group,New Business,2026-01-01,2027-01-01,Live,CAD,1.72,22620,13151.16,0.0991,1303.28
BTD-2025-00698,Nethercott Foods,Priya Nandakumar,Marine Cargo,Guernsey,UK & Ireland,Wholesale,Hollowell Brokers Ltd,New Business,2025-12-01,2026-12-01,Live,GBP ,1.0,2540,2540.0,0.0657,166.88
BTD-2024-00264,Bramfield Chemicals,Eleanor Voss,Political Violence,Canada,North America,Retail,,Renewal,2024-10-23,2025-10-23,Renewed,CAD,1.72,30990,18017.44,0.197,3549.44
BTD-2024-00099,Oakhampton Retail Holdings,Marcus Ridley,D&O,United Kingdom,UK & Ireland,retail,,New Business,2024-04-23,2025-04-23,Renewed,GBP,1.0,60640,60640.0,0.1477,8956.53
BTD-2024-00007,Tregarthen Copper,Sofia Almeida,Product Recall,Cyprus,Europe,Wholesale,Lansdowne Brokers Group,New Business,2024-01-07,2024-07-07,Renewed,EUR,1.17,29100,24871.79,0.0891,2216.08
BTD-2026-00945,Ormsgill Cement,Sofia Almeida,Terrorism,United Arab Emirates,Middle East & Africa,Retail,,Renewal,2026-06-01,2028-06-01,Live,USD,1.27,12280,9669.29,0.2145,2074.06
BTD-2025-00521,Pentreath Marine,Marcus Ridley,Political Violence,Australia,Asia Pacific,Wholesale,Fairweather & Co,Renewal,2025-06-01,2026-06-01,Renewed,AUD,1.93,90380,46829.02,0.1091,5109.05
BTD-2024-00039,Hexworthy Tunnelling,Eleanor Voss,Terrorism,United Kingdom,UK & Ireland,Wholesale,Ainsworth & Pike,Renewal,2024-01-01,2024-07-01,Renewed,GBP,1.0,13470,13470.0,0.109,1468.23
BTD-2026-00865,Kilnbrook Automotive,Callum Reid,Professional Indemnity,United Kingdom,UK & Ireland,Wholesale,Fairweather & Co,New Business,2026-04-23,2027-04-23,Live,GBP,1.0,13160,13160.0,0.0777,1022.53
BTD-2024-00220,Havelock Steel,Eleanor Voss,Marine Cargo,Guernsey,UK & Ireland,Retail,,New Business,2024-08-01,2025-08-01,Renewed,GBP,1.0,17150,17150.0,0.1206,2068.29
BTD-2025-00454,Harrowgate Resources Group,Eleanor Voss,Political Violence,Germany,Europe,Retail,,Renewal,2025-04-05,2026-04-05,Expired,EUR,1.17,140700,120256.41,0.2091,25145.62
BTD-2025-00482,Barrowfield Housing,Sofia Almeida,Marine Cargo,Greece,Europe,Retail,,New Business,2025-05-01,2026-05-01,Expired,EUR,1.17,4190,3581.2,0.1159,415.06
BTD-2025-00341,Inglefield Robotics,Eleanor Voss,Terrorism,United Kingdom,UK & Ireland,Retail,,Renewal,2025-01-02,2025-07-02,Expired,GBP,1.0,15690,15690.0,0.1867,2929.32
BTD-2025-00649,Thurloe Investments,Callum Reid,Personal Accident,United Kingdom,UK & Ireland,Wholesale,Ollerton & Hale,Renewal,17/10/2025,2026-10-17,Live,GBP,1.0,4260,4260.0,0.1012,431.11
BTD-2024-00225,Ardenvale Mining Corporation,Sofia Almeida,D&O,UK,UK & Ireland,Retail,,New Business,2024-08-04,2025-08-04,Renewed,GBP,1.0,18240,18240.0,0.1412,2575.49
BTD-2026-00775,Underhill Logistics,Marcus Ridley,D&O,United Kingdom,UK & Ireland,Wholesale,Calderstone Risk Partners,Renewal,2026-01-09,2027-01-09,Live,GBP,1.0,18110,18110.0,0.0772,1398.09
BTD-2024-00085,Redcastle Minerals,Priya Nandakumar,Liability,Nigeria,Middle East & Africa,Wholesale,Grindley Risk Services,New Business,2024-03-17,2025-03-17,Expired,USD,1.27,4430,3488.19,0.094,327.89
BTD-2024-00158,Bellhaven Foods Group,Sofia Almeida,Political Violence,Cyprus,Europe,Retail,,New Business,2024-06-01,2025-06-01,Renewed,EUR,1.17,23740,20290.6,0.2115,4291.46
BTD-2026-00951,Thornbury Aid Foundation,Eleanor Voss,D&O,Brazil,Latin America,Retail,,Renewal,2026-06-02,2027-06-02,Live,USD,1.27,231200,182047.24,0.1478,26906.58
BTD-2024-00321,Fordwich Legal Group,Marcus Ridley,Professional Indemnity,Brazil,Latin America,Wholesale,Fairweather & Co,New Business,2024-12-10,2026-12-10,Live,usd,1.27,5650,4448.82,0.0821,365.25
BTD-2025-00455,Elmsworth Manufacturing,Marcus Ridley,Product Recall,Israel,Middle East & Africa,Wholesale,Lansdowne Brokers Group,New Business,2025-04-01,2026-04-01,Renewed,USD,1.27,37530,29551.18,0.0989,2922.61
BTD-2026-00813,Winterbourne Labs,Eleanor Voss,Kidnap & Ransom,United Kingdom,UK & Ireland,Retail,,Renewal,2026-02-01,2027-02-01,Live,GBP,1.0,7200,7200.0,0.2616,1883.52
BTD-2026-00786,Ilverton Diagnostics,Callum Reid,Personal Accident,United States,North America,Wholesale,Ollerton & Hale,Renewal,2026-01-01,2025-10-18,Live,USD,1.27,15310,12055.12,0.1116,1345.35
BTD-2025-00528,Ardenvale Mining Corporation,Marcus Ridley,PI,United Kingdom,UK & Ireland,Retail,,New Business,2025-06-03,2026-06-03,Renewed,GBP,1.0,52340,52340.0,0.1389,7270.03
BTD-2024-00269,Oakhampton Retail Holdings,Eleanor Voss,Active Assailant,Colombia,Latin America,Wholesale,Fairweather & Co,Renewal,15/10/2024,2025-10-15,Renewed,USD,1.27,29720,23401.57,0.1282,3000.08
BTD-2025-00562,Carrowmore Shipping,Marcus Ridley,Cyber,United Kingdom,UK & Ireland,Retail,,Renewal,2025-07-22,2026-07-22,Live,GBP,1.0,18230,18230.0,0.1551,2827.47
BTD-2026-00771,Salterton Electronics,Sofia Almeida,Political Violence,Canada,North America,Wholesale,Fairweather & Co,Renewal,2026-01-11,2027-01-11,Live,CAD,1.72,85340,49616.28,0.1137,5641.37
BTD-2025-00598,Ardenvale Mining Corporation,Tom Beckwith,Fixated Threat,Canada,North America,Wholesale,Ainsworth & Pike,New Business,2025-08-22,2026-08-22,Live,CAD,1.72,6020,3500.0,0.1381,483.35
BTD-2025-00377,Melbray Renewables,Marcus Ridley,Product Recall,United Arab Emirates,Middle East & Africa,Retail,,New Business,2025-01-01,2026-01-01,Renewed,USD,1.27,99260,78157.48,0.185,14459.13
BTD-2025-00355,Pentreath Marine,Marcus Ridley,Product Recall,United Kingdom,UK & Ireland,Wholesale,Ainsworth & Pike,Renewal,2025-01-15,2026-01-15,Renewed,GBP,1.0,45450,45450.0,0.0924,4199.58
BTD-2025-00409,Meridian Vale Energy,Sofia Almeida,Product Recall,United Kingdom,UK & Ireland,Retail,,New Business,2025-02-01,2026-02-01,Renewed,GBP,1.0,55050,55050.0,0.1776,9776.88
BTD-2025-00711,Northgate Pharmaceuticals,Marcus Ridley,Liability,United Kingdom,UK & Ireland,Wholesale,Norbury Risk Solutions,Renewal,2025-12-01,2026-12-01,Live,GBP,1.0,46840,46840.0,0.0888,4159.39
BTD-2024-00253,Dunmarrow Agriculture,Priya Nandakumar,Marine Cargo,Canada,North America,Wholesale,Calderstone Risk Partners,New Business,24/09/2024,2025-09-24,Renewed,CAD,1.72,25350,14738.37,0.0704,1037.58
BTD-2026-00859,Ledbury Green Power,Eleanor Voss,Terrorism,Israel,Middle East & Africa,Retail,,New Business,2026-04-01,2027-04-01,Live,usd,1.27,11140,8771.65,0.2114,1854.33
BTD-2024-00067,Northgate Pharmaceuticals,Priya Nandakumar,Marine Cargo,Nigeria,Middle East & Africa,Wholesale,Calderstone Risk Partners,New Business,2024-02-21,2025-02-21,Renewed,USD,1.27,8670,6826.77,0.066,450.57
BTD-2024-00205,Westhaven Cruises,Tom Beckwith,Terrorism,United Kingdom,UK & Ireland,Retail,,Renewal,2024-07-05,2025-07-05,Renewed,GBP,1.0,5480,5480.0,0.1967,1077.92
BTD-2025-00494,Inglefield Robotics,Sofia Almeida,Political Violence,Kenya,Middle East & Africa,Wholesale,Ainsworth & Pike,New Business,2025-05-01,2026-05-01,Renewed,USD,1.27,32970,25960.63,0.1098,2850.48
BTD-2026-00869,Wickenby Defence Systems,Eleanor Voss,Kidnap & Ransom,United Kingdom,UK & Ireland,Retail,,Renewal,2026-04-01,2026-10-01,Live,GBP,1.0,11820,11820.0,0.2415,2854.53
BTD-2024-00143,Crayford Dynamics,Eleanor Voss,Terrorism,Greece,Europe,Retail,,New Business,2024-05-01,2025-05-01,Renewed,EUR,1.17,11590,"9,905.98",0.2025,"2,005.96"
BTD-2025-00489,Carrowmore Shipping,Eleanor Voss,Kidnap & Ransom,Singapore,Asia Pacific,Wholesale,Jardine Wray Partners,New Business,2025-05-13,2026-05-13,Renewed,USD,1.27,4710,3708.66,0.1453,538.87
BTD-2026-00776,Merrowdale Timber,Callum Reid,Cyber,Germany,Europe,Wholesale ,Eastgate Commercial Risks,Renewal,2026-01-17,2027-01-17,Live,EUR,1.17,4590,3923.08,0.0858,336.6
BTD-2025-00573,Quenby Insurance Services,Priya Nandakumar,Fixated Threat,United Kingdom,UK & Ireland,Wholesale,Kilbride Risk Advisers,Renewal,2025-07-01,2026-07-01,Live,GBP,1.0,1500,1500.0,0.1294,194.1
BTD-2025-00466,Pillerton Pharma,Marcus Ridley,Prof Indemnity,Singapore,Asia Pacific,Wholesale,Eastgate Commercial Risks,New Business,2025-04-08,2026-04-08,Expired,USD,1.27,11540,9086.61,0.0835,758.73
BTD-2024-00182,Pillerton Pharma,Sofia Almeida,Terrorism,Colombia,Latin America,Wholesale,Hollowell Brokers Ltd,New Business,2024-07-13,2025-07-13,Expired,USD,1.27,18970,14937.01,0.1118,1669.96
BTD-2024-00326,Everleigh Cosmetics,Tom Beckwith,Active Assailant,Italy,Europe,Wholesale ,Kilbride Risk Advisers,Renewal,2024-12-01,2025-12-01,Renewed,EUR,1.17,4810,4111.11,0.1201,493.74
BTD-2024-00291,Ashcombe Analytics,Priya Nandakumar,Marine Cargo,USA,North America,Retail,,New Business,2024-11-01,2025-05-01,Renewed,USD,1.27,6910,5440.94,0.1209,657.81
BTD-2024-00203,Winterbourne Labs,Tom Beckwith,Terrorism,United Kingdom,UK & Ireland,Wholesale,Kilbride Risk Advisers,New Business,2024-07-01,2025-07-01,Renewed,GBP,1.0,32180,32180.0,0.1108,3565.54
BTD-2026-00738,Elmsworth Manufacturing,Marcus Ridley,D&O,United Arab Emirates,Middle East & Africa,Wholesale,Grindley Risk Services,Renewal,2026-01-11,2028-01-11,Live,USD,1.27,6760,5322.83,0.0811,431.68
BTD-2024-00105,Merrowdale Timber,Marcus Ridley,D&O,Australia,Asia Pacific,Wholesale,Eastgate Commercial Risks,New Business,2024-04-08,2025-04-08,Renewed,AUD,1.93,20030,10378.24,0.0804,834.41
BTD-2024-00191,Saltmarsh Infrastructure plc,Eleanor  Voss,Fixated Threat,South Africa,Middle East & Africa,Wholesale,Ainsworth & Pike,New Business,2024-07-01,2025-07-01,Expired,ZAR,23.5,115000,4893.62,0.1345,658.19
BTD-2024-00159,Crayford Dynamics,Tom Beckwith,Kidnap & Ransom,United Arab Emirates,Middle East & Africa,Wholesale,Hollowell Brokers Ltd,New Business,2024-06-01,2025-06-01,Expired,USD,1.27,15110,11897.64,0.144,1713.26
BTD-2026-00838,Grantley Sports Holdings,Tom Beckwith,Kidnap & Ransom,UK,UK & Ireland,Retail,,Renewal,2026-03-01,2027-03-01,Live,GBP,1.0,18570,18570.0,0.2527,4692.64
BTD-2024-00319,Garrowby Petroleum,Tom Beckwith,Fixated Threat,United States,North America,Retail,,Renewal,2024-12-23,2026-12-23,Live,USD,1.27,2900,2283.46,0.234,534.33
BTD-2025-00709,Ardenvale Mining Corporation,Tom Beckwith,Fixated Threat,China,Asia Pacific,Retail,,New Business,2025-12-01,2026-12-01,Live,USD,1.27,5600,4409.45,0.2358,1039.75
BTD-2024-00033,Fairholme Capital Partners,Sofia Almeida,Fixated Threat,United Kingdom,UK & Ireland,Retail,,New Business,2024-01-21,2025-01-21,Expired,GBP ,1.0,680,680.0,0.2394,162.79
BTD-2025-00448,Blackwater Survey Co,Sofia Almeida,Marine Cargo,US,North America,Retail,,New Business,2025-04-01,2025-10-01,Renewed,USD,1.27,5140,4047.24,0.1184,479.19
BTD-2026-00723,Caldwell Maritime Holdings,Priya Nandakumar,Fixated Threat,Germany,Europe,Wholesale,Grindley Risk Services,Renewal,2026-01-25,2027-01-25,Live,EUR,1.17,9790,8367.52,0.1483,1240.9
BTD-2024-00017,Harrowgate Resources Group,Marcus Ridley,Professional Indemnity,United Kingdom,UK & Ireland,Retail,,New Business,2024-01-01,2025-01-01,Renewed,GBP,1.0,20050,20050.0,0.1593,3193.96
BTD-2024-00238,Draycote Systems,Eleanor Voss,Terrorism,Guernsey,UK & Ireland,Wholesale,Lansdowne Brokers Group,New Business,2024-09-07,2025-09-07,Expired,GBP,1.0,15420,15420.0,0.1125,1734.75
BTD-2026-00832,Hexworthy Tunnelling,Callum Reid,Product Recall,United Kingdom,UK & Ireland,Wholesale,Norbury Risk Solutions,New Business,2026-03-01,2027-03-01,Live,GBP,1.0,50380,50380.0,0.0952,4796.18
BTD-2024-00078,Meridian Vale Energy,Marcus Ridley,D&O,United Kingdom,UK & Ireland,Wholesale,Barrenger Insurance Brokers,New Business,2024-03-01,2025-03-01,Renewed,GBP,1.0,21250,21250.0,0.0816,1734.0
BTD-2025-00515,Northgate Pharmaceuticals,Tom Beckwith,Fixated Threat,Canada,North America,Retail,,Renewal,2025-06-01,2025-12-01,Expired,CAD,1.72,8300,4825.58,0.2664,1285.53
BTD-2025-00349,Alderney Freight Ltd,Marcus Ridley,Professional Indemnity,United States,North America,Retail,,Renewal,2025-01-27,2027-01-27,Live,USD,1.27,13440,10582.68,0.1575,1666.77
BTD-2026-00905,Meridian Vale Energy,Tom Beckwith,Terrorism,United States,North America,Wholesale ,Merrivale Insurance Partners,Renewal,2026-05-01,2027-05-01,Live,USD,1.27,38470,30291.34,0.1103,3341.13
BTD-2025-00418,Kestrel Field Services,Sofia Almeida,Political Violence,Singapore,Asia Pacific,Retail,,New Business,2025-03-09,2026-03-09,Renewed,USD,1.27,51110,40244.09,0.1982,7976.38
BTD-2024-00060,Westhaven Cruises,Eleanor Voss,Terrorism,United Kingdom,UK & Ireland,Retail,,Renewal,2024-02-12,2025-02-12,Renewed,GBP,1.0,66100,66100.0,0.2016,13325.76
BTD-2024-00160,Winterbourne Labs,Tom Beckwith,Personal Accident,Australia,Asia Pacific,Wholesale,Kilbride Risk Advisers,New Business,2024-06-13,2025-06-13,Renewed,AUD,1.93,12330,6388.6,0.1075,686.77
BTD-2026-00893,Caldwell Maritime Holdings,Marcus Ridley,D&O,Singapore,Asia Pacific,Retail,,Renewal,2026-05-08,2027-05-08,Live,USD,1.27,23180,18251.97,0.1545,2819.93
BTD-2026-00748,Crayford Dynamics,Callum Reid,D&O,Germany,Europe,Wholesale,Norbury Risk Solutions,New Business,2026-01-01,2027-01-01,Live,EUR,1.17,10640,9094.02,0.0771,701.15
BTD-2025-00584,Ardenvale Mining Corporation,Eleanor Voss,Terrorism,Mexico,Latin America,Retail,,New Business,2025-07-01,2026-01-01,Renewed,USD,1.27,49330,38842.52,0.209,8118.09
BTD-2025-00332,Fennmoor Water Services,Priya Nandakumar,Personal Accident,United Kingdom,UK & Ireland,Retail,,Renewal,2025-01-10,2026-01-10,Renewed,GBP,1.0,2980,2980.0,0.2124,632.95
BTD-2025-00368,Ardenvale Mining Corporation,Sofia Almeida,Product Recall,Philippines,Asia Pacific,Retail,,New Business,2025-01-01,2026-01-01,Renewed,USD,1.27,27560,21700.79,0.1869,4055.88
BTD-2025-00554,Brackenhill Logistics,Marcus Ridley,Liability,United Arab Emirates,Middle East & Africa,Wholesale,Norbury Risk Solutions,Renewal,2025-07-23,2026-01-23,Renewed,USD,1.27,27830,21913.39,0.101,2213.25
BTD-2025-00536,Carrowmore Shipping,Priya Nandakumar,Fixated Threat,United Kingdom,UK & Ireland,Wholesale,Calderstone Risk Partners,Renewal,2025-07-01,2026-07-01,Live,GBP,1.0,2430,2430.0,0.1389,337.53
BTD-2025-00405,Corrieburn Energy,Priya Nandakumar,Personal Accident,Canada,North America,Wholesale,Ollerton & Hale,Renewal,2025-02-01,2026-02-01,Renewed,CAD,1.72,4900,2848.84,0.1035,294.85
BTD-2024-00195,Ilverton Diagnostics,Eleanor Voss,Political Violence,France,Europe,retail,,Renewal,2024-07-01,2025-07-01,Renewed,EUR,1.17,55220,47196.58,0.196,9250.53
BTD-2025-00376,Ledbury Green Power,Eleanor Voss,Kidnap & Ransom,Guernsey,UK & Ireland,Wholesale,Fairweather & Co,New Business,2025-01-01,2027-01-01,Live,GBP,1.0,11700,11700.0,0.1372,1605.24
BTD-2025-00630,Elmsworth Manufacturing,Tom Beckwith,Political Violence,United Kingdom,UK & Ireland,Wholesale,Fairweather & Co,Renewal,2025-09-01,2026-09-01,Live,GBP,1.0,38780,38780.0,0.1054,4087.41
BTD-2026-00920,Harrowgate Resources Group,Eleanor Voss,Terrorism,Italy,Europe,Wholesale,Ivory Lane Insurance,Renewal,2026-06-01,2028-06-01,Live,EUR,1.17,51580,44085.47,0.1032,4549.62
BTD-2024-00217,Langmere Telecom,Marcus Ridley,Cyber,Singapore,Asia Pacific,retail,,New Business,2024-07-20,2025-07-20,Renewed,USD,1.27,7820,6157.48,0.1542,949.48
BTD-2025-00577,Barrowfield Housing,Eleanor Voss,Personal Accident,United Kingdom,UK & Ireland,Retail,,Renewal,2025-07-19,2026-07-19,Live,GBP,1.0,2420,2420.0,0.2,484.0
BTD-2025-00500,Inglefield Robotics,Tom Beckwith,Cyber,United Kingdom,UK & Ireland,Retail,,Renewal,2025-05-23,2026-05-23,Renewed,GBP,1.0,14590,14590.0,0.1422,2074.7
BTD-2025-00542,Corrieburn Energy,Priya Nandakumar,Liability,Iraq,Middle East & Africa,Wholesale,Grindley Risk Services,Renewal,2025-07-01,2026-07-01,Live,USD,1.27,13360,10519.69,0.1013,1065.64
BTD-2024-00209,Kestrel Field Services,Sofia Almeida,Kidnap & Ransom,United States,North America,Retail,,New Business,2024-07-05,2025-07-05,Expired,USD,1.27,37560,29574.8,0.2493,7373.0
BTD-2024-00178,Orrinshaw Media Group,Marcus Ridley,Professional Indemnity,United Kingdom,UK & Ireland,Retail,,New Business,2024-07-01,2025-07-01,Renewed,GBP,1.0,35660,35660.0,0.1482,5284.81
